nome,numero,peso,altura,tipo,tipo_2,evolucoes,habilidades
Bulbasaur,0001,6.9 kg (15.2 lbs),0.7 m (2′04″),Grass,Poison,"[{'numero_evolucao': '#0001', 'nome_evolucao': 'Bulbasaur', 'url_evolucao': '/pokedex/bulbasaur'}, {'numero_evolucao': '#0002', 'nome_evolucao': 'Ivysaur', 'url_evolucao': '/pokedex/ivysaur'}, {'numero_evolucao': '#0003', 'nome_evolucao': 'Venusaur', 'url_evolucao': '/pokedex/venusaur'}]","[{'nome': 'Overgrow ', 'descricao': ' increases the power of ', 'url_habilidade': 'https://pokemondb.net/ability/overgrow'}]"
Butterfree,0012,32.0 kg (70.5 lbs),1.1 m (3′07″),Bug,Flying,"[{'numero_evolucao': '#0010', 'nome_evolucao': 'Caterpie', 'url_evolucao': '/pokedex/caterpie'}, {'numero_evolucao': '#0011', 'nome_evolucao': 'Metapod', 'url_evolucao': '/pokedex/metapod'}, {'numero_evolucao': '#0012', 'nome_evolucao': 'Butterfree', 'url_evolucao': '/pokedex/butterfree'}]","[{'nome': 'Compound Eyes ', 'descricao': "" raises the ability-bearer's accuracy by 30%."", 'url_habilidade': 'https://pokemondb.net/ability/compound-eyes'}]"
Wartortle,0008,22.5 kg (49.6 lbs),1.0 m (3′03″),Water,,"[{'numero_evolucao': '#0007', 'nome_evolucao': 'Squirtle', 'url_evolucao': '/pokedex/squirtle'}, {'numero_evolucao': '#0008', 'nome_evolucao': 'Wartortle', 'url_evolucao': '/pokedex/wartortle'}, {'numero_evolucao': '#0009', 'nome_evolucao': 'Blastoise', 'url_evolucao': '/pokedex/blastoise'}]","[{'nome': 'Torrent ', 'descricao': ' increases the power of ', 'url_habilidade': 'https://pokemondb.net/ability/torrent'}]"
Charizard,0006,90.5 kg (199.5 lbs),1.7 m (5′07″),Fire,Flying,"[{'numero_evolucao': '#0004', 'nome_evolucao': 'Charmander', 'url_evolucao': '/pokedex/charmander'}, {'numero_evolucao': '#0005', 'nome_evolucao': 'Charmeleon', 'url_evolucao': '/pokedex/charmeleon'}, {'numero_evolucao': '#0006', 'nome_evolucao': 'Charizard', 'url_evolucao': '/pokedex/charizard'}]","[{'nome': 'Blaze ', 'descricao': ' increases the power of ', 'url_habilidade': 'https://pokemondb.net/ability/blaze'}]"
Beedrill,0015,29.5 kg (65.0 lbs),1.0 m (3′03″),Bug,Poison,"[{'numero_evolucao': '#0013', 'nome_evolucao': 'Weedle', 'url_evolucao': '/pokedex/weedle'}, {'numero_evolucao': '#0014', 'nome_evolucao': 'Kakuna', 'url_evolucao': '/pokedex/kakuna'}, {'numero_evolucao': '#0015', 'nome_evolucao': 'Beedrill', 'url_evolucao': '/pokedex/beedrill'}]","[{'nome': 'Swarm ', 'descricao': ' increases the power of ', 'url_habilidade': 'https://pokemondb.net/ability/swarm'}]"
Caterpie,0010,2.9 kg (6.4 lbs),0.3 m (1′00″),Bug,24,"[{'numero_evolucao': '#0010', 'nome_evolucao': 'Caterpie', 'url_evolucao': '/pokedex/caterpie'}, {'numero_evolucao': '#0011', 'nome_evolucao': 'Metapod', 'url_evolucao': '/pokedex/metapod'}, {'numero_evolucao': '#0012', 'nome_evolucao': 'Butterfree', 'url_evolucao': '/pokedex/butterfree'}]","[{'nome': 'Shield Dust ', 'descricao': 'Blocks the added effects of attacks taken.\n', 'url_habilidade': 'https://pokemondb.net/ability/shield-dust'}]"
Metapod,0011,9.9 kg (21.8 lbs),0.7 m (2′04″),Bug,25,"[{'numero_evolucao': '#0010', 'nome_evolucao': 'Caterpie', 'url_evolucao': '/pokedex/caterpie'}, {'numero_evolucao': '#0011', 'nome_evolucao': 'Metapod', 'url_evolucao': '/pokedex/metapod'}, {'numero_evolucao': '#0012', 'nome_evolucao': 'Butterfree', 'url_evolucao': '/pokedex/butterfree'}]","[{'nome': 'Shed Skin ', 'descricao': 'The Pokémon may heal its own status problems.\n', 'url_habilidade': 'https://pokemondb.net/ability/shed-skin'}]"
Pidgey,0016,1.8 kg (4.0 lbs),0.3 m (1′00″),Normal,Flying,"[{'numero_evolucao': '#0016', 'nome_evolucao': 'Pidgey', 'url_evolucao': '/pokedex/pidgey'}, {'numero_evolucao': '#0017', 'nome_evolucao': 'Pidgeotto', 'url_evolucao': '/pokedex/pidgeotto'}, {'numero_evolucao': '#0018', 'nome_evolucao': 'Pidgeot', 'url_evolucao': '/pokedex/pidgeot'}]","[{'nome': 'Keen Eye ', 'descricao': ' prevents the Pokémon from losing accuracy, for example from moves like ', 'url_habilidade': 'https://pokemondb.net/ability/keen-eye'}]"
Rattata,0019,3.5 kg (7.7 lbs),0.3 m (1′00″),Normal,Normal,"[{'numero_evolucao': '#0019', 'nome_evolucao': 'Rattata', 'url_evolucao': '/pokedex/rattata'}, {'numero_evolucao': '#0020', 'nome_evolucao': 'Raticate', 'url_evolucao': '/pokedex/raticate'}, {'numero_evolucao': '#0019', 'nome_evolucao': 'Rattata', 'url_evolucao': '/pokedex/rattata'}, {'numero_evolucao': '#0020', 'nome_evolucao': 'Raticate', 'url_evolucao': '/pokedex/raticate'}]","[{'nome': 'Run Away ', 'descricao': ' allows the bearer to flee a battle with a wild Pokémon without fail, even if the opposing Pokémon has used a move like ', 'url_habilidade': 'https://pokemondb.net/ability/run-away'}]"
Arbok,0024,65.0 kg (143.3 lbs),3.5 m (11′06″),Poison,,"[{'numero_evolucao': '#0023', 'nome_evolucao': 'Ekans', 'url_evolucao': '/pokedex/ekans'}, {'numero_evolucao': '#0024', 'nome_evolucao': 'Arbok', 'url_evolucao': '/pokedex/arbok'}]","[{'nome': 'Intimidate ', 'descricao': "" lower's the Attack of all opponents by one stage when the ability-bearer switches in (including the start of a battle)."", 'url_habilidade': 'https://pokemondb.net/ability/intimidate'}]"
Pikachu,0025,6.0 kg (13.2 lbs),0.4 m (1′04″),Electric,,"[{'numero_evolucao': '#0172', 'nome_evolucao': 'Pichu', 'url_evolucao': '/pokedex/pichu'}, {'numero_evolucao': '#0025', 'nome_evolucao': 'Pikachu', 'url_evolucao': '/pokedex/pikachu'}, {'numero_evolucao': '#0026', 'nome_evolucao': 'Raichu', 'url_evolucao': '/pokedex/raichu'}, {'numero_evolucao': '#0026', 'nome_evolucao': 'Raichu', 'url_evolucao': '/pokedex/raichu'}]","[{'nome': 'Static ', 'descricao': 'If a Pokémon with ', 'url_habilidade': 'https://pokemondb.net/ability/static'}]"
Nidoran♀ (female),0029,7.0 kg (15.4 lbs),0.4 m (1′04″),Poison,9,"[{'numero_evolucao': '#0029', 'nome_evolucao': 'Nidoran♀', 'url_evolucao': '/pokedex/nidoran-f'}, {'numero_evolucao': '#0030', 'nome_evolucao': 'Nidorina', 'url_evolucao': '/pokedex/nidorina'}, {'numero_evolucao': '#0031', 'nome_evolucao': 'Nidoqueen', 'url_evolucao': '/pokedex/nidoqueen'}]","[{'nome': 'Poison Point ', 'descricao': 'Contact with the Pokémon may poison the attacker.\n', 'url_habilidade': 'https://pokemondb.net/ability/poison-point'}]"
Sandslash,0028,29.5 kg (65.0 lbs),1.0 m (3′03″),Ground,Steel,"[{'numero_evolucao': '#0027', 'nome_evolucao': 'Sandshrew', 'url_evolucao': '/pokedex/sandshrew'}, {'numero_evolucao': '#0028', 'nome_evolucao': 'Sandslash', 'url_evolucao': '/pokedex/sandslash'}, {'numero_evolucao': '#0027', 'nome_evolucao': 'Sandshrew', 'url_evolucao': '/pokedex/sandshrew'}, {'numero_evolucao': '#0028', 'nome_evolucao': 'Sandslash', 'url_evolucao': '/pokedex/sandslash'}]","[{'nome': 'Sand Veil ', 'descricao': "" raises the ability-bearer's evasion by 20% in a "", 'url_habilidade': 'https://pokemondb.net/ability/sand-veil'}]"
Clefairy,0035,7.5 kg (16.5 lbs),0.6 m (2′00″),Fairy,,"[{'numero_evolucao': '#0173', 'nome_evolucao': 'Cleffa', 'url_evolucao': '/pokedex/cleffa'}, {'numero_evolucao': '#0035', 'nome_evolucao': 'Clefairy', 'url_evolucao': '/pokedex/clefairy'}, {'numero_evolucao': '#0036', 'nome_evolucao': 'Clefable', 'url_evolucao': '/pokedex/clefable'}]","[{'nome': 'Cute Charm ', 'descricao': 'If a Pokémon with ', 'url_habilidade': 'https://pokemondb.net/ability/cute-charm'}]"
Ninetales,0038,19.9 kg (43.9 lbs),1.1 m (3′07″),Fire,Fairy,"[{'numero_evolucao': '#0037', 'nome_evolucao': 'Vulpix', 'url_evolucao': '/pokedex/vulpix'}, {'numero_evolucao': '#0038', 'nome_evolucao': 'Ninetales', 'url_evolucao': '/pokedex/ninetales'}, {'numero_evolucao': '#0037', 'nome_evolucao': 'Vulpix', 'url_evolucao': '/pokedex/vulpix'}, {'numero_evolucao': '#0038', 'nome_evolucao': 'Ninetales', 'url_evolucao': '/pokedex/ninetales'}]","[{'nome': 'Flash Fire ', 'descricao': 'When a Pokémon with ', 'url_habilidade': 'https://pokemondb.net/ability/flash-fire'}]"
Zubat,0041,7.5 kg (16.5 lbs),0.8 m (2′07″),Poison,Flying,"[{'numero_evolucao': '#0041', 'nome_evolucao': 'Zubat', 'url_evolucao': '/pokedex/zubat'}, {'numero_evolucao': '#0042', 'nome_evolucao': 'Golbat', 'url_evolucao': '/pokedex/golbat'}, {'numero_evolucao': '#0169', 'nome_evolucao': 'Crobat', 'url_evolucao': '/pokedex/crobat'}]","[{'nome': 'Inner Focus ', 'descricao': ' prevents the Pokémon from flinching, for example when attacked by a move like ', 'url_habilidade': 'https://pokemondb.net/ability/inner-focus'}]"
Vileplume,0045,18.6 kg (41.0 lbs),1.2 m (3′11″),Grass,Poison,"[{'numero_evolucao': '#0043', 'nome_evolucao': 'Oddish', 'url_evolucao': '/pokedex/oddish'}, {'numero_evolucao': '#0044', 'nome_evolucao': 'Gloom', 'url_evolucao': '/pokedex/gloom'}, {'numero_evolucao': '#0045', 'nome_evolucao': 'Vileplume', 'url_evolucao': '/pokedex/vileplume'}, {'numero_evolucao': '#0182', 'nome_evolucao': 'Bellossom', 'url_evolucao': '/pokedex/bellossom'}]","[{'nome': 'Chlorophyll ', 'descricao': "" doubles the ability-bearer's Speed during "", 'url_habilidade': 'https://pokemondb.net/ability/chlorophyll'}]"
Paras,0046,5.4 kg (11.9 lbs),0.3 m (1′00″),Bug,Grass,"[{'numero_evolucao': '#0046', 'nome_evolucao': 'Paras', 'url_evolucao': '/pokedex/paras'}, {'numero_evolucao': '#0047', 'nome_evolucao': 'Parasect', 'url_evolucao': '/pokedex/parasect'}]","[{'nome': 'Effect Spore ', 'descricao': 'Contact may poison or cause paralysis or sleep.\n', 'url_habilidade': 'https://pokemondb.net/ability/effect-spore'}]"
Persian,0053,32.0 kg (70.5 lbs),1.0 m (3′03″),Normal,,"[{'numero_evolucao': '#0052', 'nome_evolucao': 'Meowth', 'url_evolucao': '/pokedex/meowth'}, {'numero_evolucao': '#0053', 'nome_evolucao': 'Persian', 'url_evolucao': '/pokedex/persian'}, {'numero_evolucao': '#0052', 'nome_evolucao': 'Meowth', 'url_evolucao': '/pokedex/meowth'}, {'numero_evolucao': '#0053', 'nome_evolucao': 'Persian', 'url_evolucao': '/pokedex/persian'}, {'numero_evolucao': '#0052', 'nome_evolucao': 'Meowth', 'url_evolucao': '/pokedex/meowth'}, {'numero_evolucao': '#0863', 'nome_evolucao': 'Perrserker', 'url_evolucao': '/pokedex/perrserker'}]","[{'nome': 'Limber ', 'descricao': 'The Pokémon is protected from paralysis.\n', 'url_habilidade': 'https://pokemondb.net/ability/limber'}]"
Primeape,0057,32.0 kg (70.5 lbs),1.0 m (3′03″),Fighting,,"[{'numero_evolucao': '#0056', 'nome_evolucao': 'Mankey', 'url_evolucao': '/pokedex/mankey'}, {'numero_evolucao': '#0057', 'nome_evolucao': 'Primeape', 'url_evolucao': '/pokedex/primeape'}, {'numero_evolucao': '#0979', 'nome_evolucao': 'Annihilape', 'url_evolucao': '/pokedex/annihilape'}]","[{'nome': 'Vital Spirit ', 'descricao': ' prevents the ability-bearer from falling asleep. This means that it also prevents the use of the move ', 'url_habilidade': 'https://pokemondb.net/ability/vital-spirit'}]"
Meowth,0052,4.2 kg (9.3 lbs),0.4 m (1′04″),Normal,6,"[{'numero_evolucao': '#0052', 'nome_evolucao': 'Meowth', 'url_evolucao': '/pokedex/meowth'}, {'numero_evolucao': '#0053', 'nome_evolucao': 'Persian', 'url_evolucao': '/pokedex/persian'}, {'numero_evolucao': '#0052', 'nome_evolucao': 'Meowth', 'url_evolucao': '/pokedex/meowth'}, {'numero_evolucao': '#0053', 'nome_evolucao': 'Persian', 'url_evolucao': '/pokedex/persian'}, {'numero_evolucao': '#0052', 'nome_evolucao': 'Meowth', 'url_evolucao': '/pokedex/meowth'}, {'numero_evolucao': '#0863', 'nome_evolucao': 'Perrserker', 'url_evolucao': '/pokedex/perrserker'}]","[{'nome': 'Pickup ', 'descricao': 'When another Pokémon on the field uses a single-use held item, a Pokémon with ', 'url_habilidade': 'https://pokemondb.net/ability/pickup'}]"
Golduck,0055,76.6 kg (168.9 lbs),1.7 m (5′07″),Water,,"[{'numero_evolucao': '#0054', 'nome_evolucao': 'Psyduck', 'url_evolucao': '/pokedex/psyduck'}, {'numero_evolucao': '#0055', 'nome_evolucao': 'Golduck', 'url_evolucao': '/pokedex/golduck'}]","[{'nome': 'Damp ', 'descricao': ' prevents all Pokémon on the field from using the moves ', 'url_habilidade': 'https://pokemondb.net/ability/damp'}]"
Poliwrath,0062,54.0 kg (119.0 lbs),1.3 m (4′03″),Water,Fighting,"[{'numero_evolucao': '#0060', 'nome_evolucao': 'Poliwag', 'url_evolucao': '/pokedex/poliwag'}, {'numero_evolucao': '#0061', 'nome_evolucao': 'Poliwhirl', 'url_evolucao': '/pokedex/poliwhirl'}, {'numero_evolucao': '#0062', 'nome_evolucao': 'Poliwrath', 'url_evolucao': '/pokedex/poliwrath'}, {'numero_evolucao': '#0186', 'nome_evolucao': 'Politoed', 'url_evolucao': '/pokedex/politoed'}]","[{'nome': 'Water Absorb ', 'descricao': 'A Pokémon with ', 'url_habilidade': 'https://pokemondb.net/ability/water-absorb'}]"
Kadabra,0064,56.5 kg (124.6 lbs),1.3 m (4′03″),Psychic,,"[{'numero_evolucao': '#0063', 'nome_evolucao': 'Abra', 'url_evolucao': '/pokedex/abra'}, {'numero_evolucao': '#0064', 'nome_evolucao': 'Kadabra', 'url_evolucao': '/pokedex/kadabra'}, {'numero_evolucao': '#0065', 'nome_evolucao': 'Alakazam', 'url_evolucao': '/pokedex/alakazam'}]","[{'nome': 'Synchronize ', 'descricao': 'If the opponent causes a burn, paralysis, or poisoning of a Pokémon with ', 'url_habilidade': 'https://pokemondb.net/ability/synchronize'}]"
Machop,0066,19.5 kg (43.0 lbs),0.8 m (2′07″),Fighting,Rock Tunnel,"[{'numero_evolucao': '#0066', 'nome_evolucao': 'Machop', 'url_evolucao': '/pokedex/machop'}, {'numero_evolucao': '#0067', 'nome_evolucao': 'Machoke', 'url_evolucao': '/pokedex/machoke'}, {'numero_evolucao': '#0068', 'nome_evolucao': 'Machamp', 'url_evolucao': '/pokedex/machamp'}]","[{'nome': 'Guts ', 'descricao': "" raises the ability-bearer's Attack by 50% when inflicted by a major status ailment (poison, burn, paralysis, freeze or sleep). If burnt, the Pokémon does not suffer the usual drop in Attack."", 'url_habilidade': 'https://pokemondb.net/ability/guts'}]"
Geodude,0074,20.0 kg (44.1 lbs),0.4 m (1′04″),Rock,Ground,"[{'numero_evolucao': '#0074', 'nome_evolucao': 'Geodude', 'url_evolucao': '/pokedex/geodude'}, {'numero_evolucao': '#0075', 'nome_evolucao': 'Graveler', 'url_evolucao': '/pokedex/graveler'}, {'numero_evolucao': '#0076', 'nome_evolucao': 'Golem', 'url_evolucao': '/pokedex/golem'}, {'numero_evolucao': '#0074', 'nome_evolucao': 'Geodude', 'url_evolucao': '/pokedex/geodude'}, {'numero_evolucao': '#0075', 'nome_evolucao': 'Graveler', 'url_evolucao': '/pokedex/graveler'}, {'numero_evolucao': '#0076', 'nome_evolucao': 'Golem', 'url_evolucao': '/pokedex/golem'}]","[{'nome': 'Rock Head ', 'descricao': 'Protects the Pokémon from recoil damage.\n', 'url_habilidade': 'https://pokemondb.net/ability/rock-head'}]"
Tentacruel,0073,55.0 kg (121.3 lbs),1.6 m (5′03″),Water,Poison,"[{'numero_evolucao': '#0072', 'nome_evolucao': 'Tentacool', 'url_evolucao': '/pokedex/tentacool'}, {'numero_evolucao': '#0073', 'nome_evolucao': 'Tentacruel', 'url_evolucao': '/pokedex/tentacruel'}]","[{'nome': 'Clear Body ', 'descricao': 'Prevents other Pokémon from lowering its stats.\n', 'url_habilidade': 'https://pokemondb.net/ability/clear-body'}]"
Slowpoke,0079,36.0 kg (79.4 lbs),1.2 m (3′11″),Water,Psychic,"[{'numero_evolucao': '#0079', 'nome_evolucao': 'Slowpoke', 'url_evolucao': '/pokedex/slowpoke'}, {'numero_evolucao': '#0080', 'nome_evolucao': 'Slowbro', 'url_evolucao': '/pokedex/slowbro'}, {'numero_evolucao': '#0199', 'nome_evolucao': 'Slowking', 'url_evolucao': '/pokedex/slowking'}, {'numero_evolucao': '#0079', 'nome_evolucao': 'Slowpoke', 'url_evolucao': '/pokedex/slowpoke'}, {'numero_evolucao': '#0080', 'nome_evolucao': 'Slowbro', 'url_evolucao': '/pokedex/slowbro'}, {'numero_evolucao': '#0199', 'nome_evolucao': 'Slowking', 'url_evolucao': '/pokedex/slowking'}]","[{'nome': 'Oblivious ', 'descricao': ' makes the Pokémon immune to gender-based moves and abilities, specifically ', 'url_habilidade': 'https://pokemondb.net/ability/oblivious'}]"
Magneton,0082,60.0 kg (132.3 lbs),1.0 m (3′03″),Electric,Steel,"[{'numero_evolucao': '#0081', 'nome_evolucao': 'Magnemite', 'url_evolucao': '/pokedex/magnemite'}, {'numero_evolucao': '#0082', 'nome_evolucao': 'Magneton', 'url_evolucao': '/pokedex/magneton'}, {'numero_evolucao': '#0462', 'nome_evolucao': 'Magnezone', 'url_evolucao': '/pokedex/magnezone'}]","[{'nome': 'Magnet Pull ', 'descricao': ' prevents ', 'url_habilidade': 'https://pokemondb.net/ability/magnet-pull'}]"
Seel,0086,90.0 kg (198.4 lbs),1.1 m (3′07″),Water,,"[{'numero_evolucao': '#0086', 'nome_evolucao': 'Seel', 'url_evolucao': '/pokedex/seel'}, {'numero_evolucao': '#0087', 'nome_evolucao': 'Dewgong', 'url_evolucao': '/pokedex/dewgong'}]","[{'nome': 'Thick Fat ', 'descricao': ' reduces the damage taken from ', 'url_habilidade': 'https://pokemondb.net/ability/thick-fat'}]"
Grimer,0088,30.0 kg (66.1 lbs),0.9 m (2′11″),Poison,Dark,"[{'numero_evolucao': '#0088', 'nome_evolucao': 'Grimer', 'url_evolucao': '/pokedex/grimer'}, {'numero_evolucao': '#0089', 'nome_evolucao': 'Muk', 'url_evolucao': '/pokedex/muk'}, {'numero_evolucao': '#0088', 'nome_evolucao': 'Grimer', 'url_evolucao': '/pokedex/grimer'}, {'numero_evolucao': '#0089', 'nome_evolucao': 'Muk', 'url_evolucao': '/pokedex/muk'}]","[{'nome': 'Stench ', 'descricao': 'A Pokémon with ', 'url_habilidade': 'https://pokemondb.net/ability/stench'}]"
Cloyster,0091,132.5 kg (292.1 lbs),1.5 m (4′11″),Water,Ice,"[{'numero_evolucao': '#0090', 'nome_evolucao': 'Shellder', 'url_evolucao': '/pokedex/shellder'}, {'numero_evolucao': '#0091', 'nome_evolucao': 'Cloyster', 'url_evolucao': '/pokedex/cloyster'}]","[{'nome': 'Shell Armor ', 'descricao': ' prevents the Pokémon from receiving a critical hit.', 'url_habilidade': 'https://pokemondb.net/ability/shell-armor'}]"
Hypno,0097,75.6 kg (166.7 lbs),1.6 m (5′03″),Psychic,,"[{'numero_evolucao': '#0096', 'nome_evolucao': 'Drowzee', 'url_evolucao': '/pokedex/drowzee'}, {'numero_evolucao': '#0097', 'nome_evolucao': 'Hypno', 'url_evolucao': '/pokedex/hypno'}]","[{'nome': 'Insomnia ', 'descricao': ' prevents the ability-bearer from falling asleep, both from moves by other Pokémon like ', 'url_habilidade': 'https://pokemondb.net/ability/insomnia'}]"
Kingler,0099,60.0 kg (132.3 lbs),1.3 m (4′03″),Water,Cerulean Cave,"[{'numero_evolucao': '#0098', 'nome_evolucao': 'Krabby', 'url_evolucao': '/pokedex/krabby'}, {'numero_evolucao': '#0099', 'nome_evolucao': 'Kingler', 'url_evolucao': '/pokedex/kingler'}]","[{'nome': 'Hyper Cutter ', 'descricao': "" prevents the bearer's Attack stat from being lowered by other Pokémon, through moves such as "", 'url_habilidade': 'https://pokemondb.net/ability/hyper-cutter'}]"
Voltorb,0100,10.4 kg (22.9 lbs),0.5 m (1′08″),Electric,Grass,"[{'numero_evolucao': '#0100', 'nome_evolucao': 'Voltorb', 'url_evolucao': '/pokedex/voltorb'}, {'numero_evolucao': '#0101', 'nome_evolucao': 'Electrode', 'url_evolucao': '/pokedex/electrode'}, {'numero_evolucao': '#0100', 'nome_evolucao': 'Voltorb', 'url_evolucao': '/pokedex/voltorb'}, {'numero_evolucao': '#0101', 'nome_evolucao': 'Electrode', 'url_evolucao': '/pokedex/electrode'}]","[{'nome': 'Soundproof ', 'descricao': ' grants the Pokémon immunity to all ', 'url_habilidade': 'https://pokemondb.net/ability/soundproof'}]"
Gastly,0092,0.1 kg (0.2 lbs),1.3 m (4′03″),Ghost,Poison,"[{'numero_evolucao': '#0092', 'nome_evolucao': 'Gastly', 'url_evolucao': '/pokedex/gastly'}, {'numero_evolucao': '#0093', 'nome_evolucao': 'Haunter', 'url_evolucao': '/pokedex/haunter'}, {'numero_evolucao': '#0094', 'nome_evolucao': 'Gengar', 'url_evolucao': '/pokedex/gengar'}]","[{'nome': 'Levitate ', 'descricao': ' causes the Pokémon to be ', 'url_habilidade': 'https://pokemondb.net/ability/levitate'}]"
Gengar,0094,40.5 kg (89.3 lbs),1.5 m (4′11″),Ghost,Poison,"[{'numero_evolucao': '#0092', 'nome_evolucao': 'Gastly', 'url_evolucao': '/pokedex/gastly'}, {'numero_evolucao': '#0093', 'nome_evolucao': 'Haunter', 'url_evolucao': '/pokedex/haunter'}, {'numero_evolucao': '#0094', 'nome_evolucao': 'Gengar', 'url_evolucao': '/pokedex/gengar'}]","[{'nome': 'Cursed Body ', 'descricao': 'May disable a move used on the Pokémon.\n', 'url_habilidade': 'https://pokemondb.net/ability/cursed-body'}]"
Lickitung,0108,65.5 kg (144.4 lbs),1.2 m (3′11″),Normal,,"[{'numero_evolucao': '#0108', 'nome_evolucao': 'Lickitung', 'url_evolucao': '/pokedex/lickitung'}, {'numero_evolucao': '#0463', 'nome_evolucao': 'Lickilicky', 'url_evolucao': '/pokedex/lickilicky'}]","[{'nome': 'Own Tempo ', 'descricao': 'Prevents the Pokémon from becoming confused.\n', 'url_habilidade': 'https://pokemondb.net/ability/own-tempo'}]"
Chansey,0113,34.6 kg (76.3 lbs),1.1 m (3′07″),Normal,14,"[{'numero_evolucao': '#0440', 'nome_evolucao': 'Happiny', 'url_evolucao': '/pokedex/happiny'}, {'numero_evolucao': '#0113', 'nome_evolucao': 'Chansey', 'url_evolucao': '/pokedex/chansey'}, {'numero_evolucao': '#0242', 'nome_evolucao': 'Blissey', 'url_evolucao': '/pokedex/blissey'}]","[{'nome': 'Natural Cure ', 'descricao': 'All status problems heal when it switches out.\n', 'url_habilidade': 'https://pokemondb.net/ability/natural-cure'}]"
Kangaskhan,0115,80.0 kg (176.4 lbs),2.2 m (7′03″),Normal,,,"[{'nome': 'Early Bird ', 'descricao': 'The Pokémon awakens quickly from sleep.\n', 'url_habilidade': 'https://pokemondb.net/ability/early-bird'}]"
Rhyhorn,0111,115.0 kg (253.5 lbs),1.0 m (3′03″),Ground,Rock,"[{'numero_evolucao': '#0111', 'nome_evolucao': 'Rhyhorn', 'url_evolucao': '/pokedex/rhyhorn'}, {'numero_evolucao': '#0112', 'nome_evolucao': 'Rhydon', 'url_evolucao': '/pokedex/rhydon'}, {'numero_evolucao': '#0464', 'nome_evolucao': 'Rhyperior', 'url_evolucao': '/pokedex/rhyperior'}]","[{'nome': 'Lightning Rod ', 'descricao': ' forces all single-target ', 'url_habilidade': 'https://pokemondb.net/ability/lightning-rod'}]"
Goldeen,0118,15.0 kg (33.1 lbs),0.6 m (2′00″),Water,9,"[{'numero_evolucao': '#0118', 'nome_evolucao': 'Goldeen', 'url_evolucao': '/pokedex/goldeen'}, {'numero_evolucao': '#0119', 'nome_evolucao': 'Seaking', 'url_evolucao': '/pokedex/seaking'}]","[{'nome': 'Swift Swim ', 'descricao': "" doubles the ability-bearer's Speed during "", 'url_habilidade': 'https://pokemondb.net/ability/swift-swim'}]"
Staryu,0120,34.5 kg (76.1 lbs),0.8 m (2′07″),Water,20,"[{'numero_evolucao': '#0120', 'nome_evolucao': 'Staryu', 'url_evolucao': '/pokedex/staryu'}, {'numero_evolucao': '#0121', 'nome_evolucao': 'Starmie', 'url_evolucao': '/pokedex/starmie'}]","[{'nome': 'Illuminate ', 'descricao': ' has no effect in battle.', 'url_habilidade': 'https://pokemondb.net/ability/illuminate'}]"
Magmar,0126,44.5 kg (98.1 lbs),1.3 m (4′03″),Fire,,"[{'numero_evolucao': '#0240', 'nome_evolucao': 'Magby', 'url_evolucao': '/pokedex/magby'}, {'numero_evolucao': '#0126', 'nome_evolucao': 'Magmar', 'url_evolucao': '/pokedex/magmar'}, {'numero_evolucao': '#0467', 'nome_evolucao': 'Magmortar', 'url_evolucao': '/pokedex/magmortar'}]","[{'nome': 'Flame Body ', 'descricao': 'If a Pokémon with ', 'url_habilidade': 'https://pokemondb.net/ability/flame-body'}]"
Jolteon,0135,24.5 kg (54.0 lbs),0.8 m (2′07″),Electric,,"[{'numero_evolucao': '#0133', 'nome_evolucao': 'Eevee', 'url_evolucao': '/pokedex/eevee'}, {'numero_evolucao': '#0134', 'nome_evolucao': 'Vaporeon', 'url_evolucao': '/pokedex/vaporeon'}, {'numero_evolucao': '#0135', 'nome_evolucao': 'Jolteon', 'url_evolucao': '/pokedex/jolteon'}, {'numero_evolucao': '#0136', 'nome_evolucao': 'Flareon', 'url_evolucao': '/pokedex/flareon'}, {'numero_evolucao': '#0133', 'nome_evolucao': 'Eevee', 'url_evolucao': '/pokedex/eevee'}, {'numero_evolucao': '#0196', 'nome_evolucao': 'Espeon', 'url_evolucao': '/pokedex/espeon'}, {'numero_evolucao': '#0197', 'nome_evolucao': 'Umbreon', 'url_evolucao': '/pokedex/umbreon'}, {'numero_evolucao': '#0133', 'nome_evolucao': 'Eevee', 'url_evolucao': '/pokedex/eevee'}, {'numero_evolucao': '#0470', 'nome_evolucao': 'Leafeon', 'url_evolucao': '/pokedex/leafeon'}, {'numero_evolucao': '#0471', 'nome_evolucao': 'Glaceon', 'url_evolucao': '/pokedex/glaceon'}, {'numero_evolucao': '#0133', 'nome_evolucao': 'Eevee', 'url_evolucao': '/pokedex/eevee'}, {'numero_evolucao': '#0700', 'nome_evolucao': 'Sylveon', 'url_evolucao': '/pokedex/sylveon'}]","[{'nome': 'Volt Absorb ', 'descricao': 'A Pokémon with ', 'url_habilidade': 'https://pokemondb.net/ability/volt-absorb'}]"
Porygon,0137,36.5 kg (80.5 lbs),0.8 m (2′07″),Normal,,"[{'numero_evolucao': '#0137', 'nome_evolucao': 'Porygon', 'url_evolucao': '/pokedex/porygon'}, {'numero_evolucao': '#0233', 'nome_evolucao': 'Porygon2', 'url_evolucao': '/pokedex/porygon2'}, {'numero_evolucao': '#0474', 'nome_evolucao': 'Porygon-Z', 'url_evolucao': '/pokedex/porygon-z'}]","[{'nome': 'Trace ', 'descricao': ""The Pokémon copies a foe's Ability.\n"", 'url_habilidade': 'https://pokemondb.net/ability/trace'}]"
Snorlax,0143,460.0 kg (1014.1 lbs),2.1 m (6′11″),Normal,,"[{'numero_evolucao': '#0446', 'nome_evolucao': 'Munchlax', 'url_evolucao': '/pokedex/munchlax'}, {'numero_evolucao': '#0143', 'nome_evolucao': 'Snorlax', 'url_evolucao': '/pokedex/snorlax'}]","[{'nome': 'Immunity ', 'descricao': 'Prevents the Pokémon from getting poisoned.\n', 'url_habilidade': 'https://pokemondb.net/ability/immunity'}]"
Articuno,0144,55.4 kg (122.1 lbs),1.7 m (5′07″),Ice,Flying,,"[{'nome': 'Pressure ', 'descricao': ' makes any attack targeted at the ability-bearer - regardless of whether it hits - use 2 PP instead of 1.', 'url_habilidade': 'https://pokemondb.net/ability/pressure'}]"
Togetic,0176,3.2 kg (7.1 lbs),0.6 m (2′00″),Fairy,Flying,"[{'numero_evolucao': '#0175', 'nome_evolucao': 'Togepi', 'url_evolucao': '/pokedex/togepi'}, {'numero_evolucao': '#0176', 'nome_evolucao': 'Togetic', 'url_evolucao': '/pokedex/togetic'}, {'numero_evolucao': '#0468', 'nome_evolucao': 'Togekiss', 'url_evolucao': '/pokedex/togekiss'}]","[{'nome': 'Hustle ', 'descricao': "" increases the ability-bearer's Attack by 50%, however, it also reduces the Accuracy of all Physical moves by 20%."", 'url_habilidade': 'https://pokemondb.net/ability/hustle'}]"
Sudowoodo,0185,38.0 kg (83.8 lbs),1.2 m (3′11″),Rock,,"[{'numero_evolucao': '#0438', 'nome_evolucao': 'Bonsly', 'url_evolucao': '/pokedex/bonsly'}, {'numero_evolucao': '#0185', 'nome_evolucao': 'Sudowoodo', 'url_evolucao': '/pokedex/sudowoodo'}]","[{'nome': 'Sturdy ', 'descricao': ' allows the Pokémon to survive with 1 HP if attacked at full HP with an attack that would otherwise knock it out. It also prevents One-Hit-KO moves (', 'url_habilidade': 'https://pokemondb.net/ability/sturdy'}]"
Yanma,0193,38.0 kg (83.8 lbs),1.2 m (3′11″),Bug,Flying,"[{'numero_evolucao': '#0193', 'nome_evolucao': 'Yanma', 'url_evolucao': '/pokedex/yanma'}, {'numero_evolucao': '#0469', 'nome_evolucao': 'Yanmega', 'url_evolucao': '/pokedex/yanmega'}]","[{'nome': 'Speed Boost ', 'descricao': 'Its Speed stat is gradually boosted.\n', 'url_habilidade': 'https://pokemondb.net/ability/speed-boost'}]"
Wobbuffet,0202,28.5 kg (62.8 lbs),1.3 m (4′03″),Psychic,Goldenrod City,"[{'numero_evolucao': '#0360', 'nome_evolucao': 'Wynaut', 'url_evolucao': '/pokedex/wynaut'}, {'numero_evolucao': '#0202', 'nome_evolucao': 'Wobbuffet', 'url_evolucao': '/pokedex/wobbuffet'}]","[{'nome': 'Shadow Tag ', 'descricao': 'Prevents the foe from escaping.\n', 'url_habilidade': 'https://pokemondb.net/ability/shadow-tag'}]"
Dunsparce,0206,14.0 kg (30.9 lbs),1.5 m (4′11″),Normal,,"[{'numero_evolucao': '#0206', 'nome_evolucao': 'Dunsparce', 'url_evolucao': '/pokedex/dunsparce'}, {'numero_evolucao': '#0982', 'nome_evolucao': 'Dudunsparce', 'url_evolucao': '/pokedex/dudunsparce'}, {'numero_evolucao': '#0982', 'nome_evolucao': 'Dudunsparce', 'url_evolucao': '/pokedex/dudunsparce'}]","[{'nome': 'Serene Grace ', 'descricao': "" doubles the chance of moves' secondary effects occurring - specifically stat changes, status ailments, or flinching. It also increases the chance of flinching due to the held items "", 'url_habilidade': 'https://pokemondb.net/ability/serene-grace'}]"
Magcargo,0219,55.0 kg (121.3 lbs),0.8 m (2′07″),Fire,Rock,"[{'numero_evolucao': '#0218', 'nome_evolucao': 'Slugma', 'url_evolucao': '/pokedex/slugma'}, {'numero_evolucao': '#0219', 'nome_evolucao': 'Magcargo', 'url_evolucao': '/pokedex/magcargo'}]","[{'nome': 'Magma Armor ', 'descricao': ' prevents the Pokémon from becoming frozen, for example from moves like ', 'url_habilidade': 'https://pokemondb.net/ability/magma-armor'}]"
Octillery,0224,28.5 kg (62.8 lbs),0.9 m (2′11″),Water,,"[{'numero_evolucao': '#0223', 'nome_evolucao': 'Remoraid', 'url_evolucao': '/pokedex/remoraid'}, {'numero_evolucao': '#0224', 'nome_evolucao': 'Octillery', 'url_evolucao': '/pokedex/octillery'}]","[{'nome': 'Suction Cups ', 'descricao': ' prevents opponents forcing the ability-bearer to switch out or flee via the moves ', 'url_habilidade': 'https://pokemondb.net/ability/suction-cups'}]"
Tyranitar,0248,202.0 kg (445.3 lbs),2.0 m (6′07″),Rock,Dark,"[{'numero_evolucao': '#0246', 'nome_evolucao': 'Larvitar', 'url_evolucao': '/pokedex/larvitar'}, {'numero_evolucao': '#0247', 'nome_evolucao': 'Pupitar', 'url_evolucao': '/pokedex/pupitar'}, {'numero_evolucao': '#0248', 'nome_evolucao': 'Tyranitar', 'url_evolucao': '/pokedex/tyranitar'}]","[{'nome': 'Sand Stream ', 'descricao': ' creates a sandstorm when the ability-bearer enters battle. The effect lasts 5 turns, unless it is cleared via ', 'url_habilidade': 'https://pokemondb.net/ability/sand-stream'}]"
Slakoth,0287,24.0 kg (52.9 lbs),0.8 m (2′07″),Normal,,"[{'numero_evolucao': '#0287', 'nome_evolucao': 'Slakoth', 'url_evolucao': '/pokedex/slakoth'}, {'numero_evolucao': '#0288', 'nome_evolucao': 'Vigoroth', 'url_evolucao': '/pokedex/vigoroth'}, {'numero_evolucao': '#0289', 'nome_evolucao': 'Slaking', 'url_evolucao': '/pokedex/slaking'}]","[{'nome': 'Truant ', 'descricao': ' causes the ability-bearer to only attack every alternate turn. On the even turns, it will say the Pokémon is ', 'url_habilidade': 'https://pokemondb.net/ability/truant'}]"
Shedinja,0292,1.2 kg (2.6 lbs),0.8 m (2′07″),Bug,Ghost,"[{'numero_evolucao': '#0290', 'nome_evolucao': 'Nincada', 'url_evolucao': '/pokedex/nincada'}, {'numero_evolucao': '#0291', 'nome_evolucao': 'Ninjask', 'url_evolucao': '/pokedex/ninjask'}, {'numero_evolucao': '#0291', 'nome_evolucao': 'Ninjask', 'url_evolucao': '/pokedex/ninjask'}, {'numero_evolucao': '#0292', 'nome_evolucao': 'Shedinja', 'url_evolucao': '/pokedex/shedinja'}]","[{'nome': 'Wonder Guard ', 'descricao': ' prevents damage from direct attacks unless they are super-effective. Shedinja is the only Pokémon to have this ability so this means that only ', 'url_habilidade': 'https://pokemondb.net/ability/wonder-guard'}]"
Meditite,0307,11.2 kg (24.7 lbs),0.6 m (2′00″),Fighting,Psychic,"[{'numero_evolucao': '#0307', 'nome_evolucao': 'Meditite', 'url_evolucao': '/pokedex/meditite'}, {'numero_evolucao': '#0308', 'nome_evolucao': 'Medicham', 'url_evolucao': '/pokedex/medicham'}]","[{'nome': 'Pure Power ', 'descricao': ""Raises the Pokémon's Attack stat.\n"", 'url_habilidade': 'https://pokemondb.net/ability/pure-power'}]"
Plusle,0311,4.2 kg (9.3 lbs),0.4 m (1′04″),Electric,,,"[{'nome': 'Plus ', 'descricao': 'Ups Sp. Atk if another Pokémon has Plus or Minus.\n', 'url_habilidade': 'https://pokemondb.net/ability/plus'}]"
Sharpedo,0319,88.8 kg (195.8 lbs),1.8 m (5′11″),Water,Dark,"[{'numero_evolucao': '#0318', 'nome_evolucao': 'Carvanha', 'url_evolucao': '/pokedex/carvanha'}, {'numero_evolucao': '#0319', 'nome_evolucao': 'Sharpedo', 'url_evolucao': '/pokedex/sharpedo'}]","[{'nome': 'Rough Skin ', 'descricao': 'When a Pokémon with ', 'url_habilidade': 'https://pokemondb.net/ability/rough-skin'}]"
Wailord,0321,398.0 kg (877.4 lbs),14.5 m (47′07″),Water,,"[{'numero_evolucao': '#0320', 'nome_evolucao': 'Wailmer', 'url_evolucao': '/pokedex/wailmer'}, {'numero_evolucao': '#0321', 'nome_evolucao': 'Wailord', 'url_evolucao': '/pokedex/wailord'}]","[{'nome': 'Water Veil ', 'descricao': 'Prevents the Pokémon from getting a burn.\n', 'url_habilidade': 'https://pokemondb.net/ability/water-veil'}]"
Torkoal,0324,80.4 kg (177.3 lbs),0.5 m (1′08″),Fire,,,"[{'nome': 'White Smoke ', 'descricao': 'Prevents other Pokémon from lowering its stats.\n', 'url_habilidade': 'https://pokemondb.net/ability/white-smoke'}]"
Milotic,0350,162.0 kg (357.1 lbs),6.2 m (20′04″),Water,,"[{'numero_evolucao': '#0349', 'nome_evolucao': 'Feebas', 'url_evolucao': '/pokedex/feebas'}, {'numero_evolucao': '#0350', 'nome_evolucao': 'Milotic', 'url_evolucao': '/pokedex/milotic'}]","[{'nome': 'Marvel Scale ', 'descricao': "" raises the ability-bearer's Defense by 50% when inflicted by a major status ailment (poison, burn, paralysis, freeze or sleep)."", 'url_habilidade': 'https://pokemondb.net/ability/marvel-scale'}]"
Armaldo,0348,68.2 kg (150.4 lbs),1.5 m (4′11″),Rock,Bug,"[{'numero_evolucao': '#0347', 'nome_evolucao': 'Anorith', 'url_evolucao': '/pokedex/anorith'}, {'numero_evolucao': '#0348', 'nome_evolucao': 'Armaldo', 'url_evolucao': '/pokedex/armaldo'}]","[{'nome': 'Battle Armor ', 'descricao': ' prevents the Pokémon from receiving a critical hit.', 'url_habilidade': 'https://pokemondb.net/ability/battle-armor'}]"
Castform,0351,0.8 kg (1.8 lbs),0.3 m (1′00″),Normal,,,"[{'nome': 'Forecast ', 'descricao': 'Castform transforms with the weather.\n', 'url_habilidade': 'https://pokemondb.net/ability/forecast'}]"
Kecleon,0352,22.0 kg (48.5 lbs),1.0 m (3′03″),Normal,,,"[{'nome': 'Color Change ', 'descricao': "" changes the ability-bearer's type, when hit by a damage dealing move, to the type of that move. For example being hit by "", 'url_habilidade': 'https://pokemondb.net/ability/color-change'}]"
Groudon,0383,950.0 kg (2094.4 lbs),3.5 m (11′06″),Ground,Fire,,"[{'nome': 'Drought ', 'descricao': ' creates harsh sunlight when the ability-bearer enters battle. The effect lasts 5 turns, unless it is cleared via ', 'url_habilidade': 'https://pokemondb.net/ability/drought'}]"
Rayquaza,0384,206.5 kg (455.3 lbs),7.0 m (23′00″),Dragon,Flying,,"[{'nome': 'Air Lock ', 'descricao': ' suppresses ', 'url_habilidade': 'https://pokemondb.net/ability/air-lock'}]"
Bibarel,0400,31.5 kg (69.4 lbs),1.0 m (3′03″),Normal,Water,"[{'numero_evolucao': '#0399', 'nome_evolucao': 'Bidoof', 'url_evolucao': '/pokedex/bidoof'}, {'numero_evolucao': '#0400', 'nome_evolucao': 'Bibarel', 'url_evolucao': '/pokedex/bibarel'}]","[{'nome': 'Simple ', 'descricao': 'The ', 'url_habilidade': 'https://pokemondb.net/ability/simple'}]"
Luxray,0405,42.0 kg (92.6 lbs),1.4 m (4′07″),Electric,,"[{'numero_evolucao': '#0403', 'nome_evolucao': 'Shinx', 'url_evolucao': '/pokedex/shinx'}, {'numero_evolucao': '#0404', 'nome_evolucao': 'Luxio', 'url_evolucao': '/pokedex/luxio'}, {'numero_evolucao': '#0405', 'nome_evolucao': 'Luxray', 'url_evolucao': '/pokedex/luxray'}]","[{'nome': 'Rivalry ', 'descricao': 'Deals more damage to a Pokémon of same gender.\n', 'url_habilidade': 'https://pokemondb.net/ability/rivalry'}]"
Combee,0415,5.5 kg (12.1 lbs),0.3 m (1′00″),Bug,Flying,"[{'numero_evolucao': '#0415', 'nome_evolucao': 'Combee', 'url_evolucao': '/pokedex/combee'}, {'numero_evolucao': '#0416', 'nome_evolucao': 'Vespiquen', 'url_evolucao': '/pokedex/vespiquen'}]","[{'nome': 'Honey Gather ', 'descricao': ' has no effect in battle.', 'url_habilidade': 'https://pokemondb.net/ability/honey-gather'}]"
Wormadam,0413,6.5 kg (14.3 lbs),0.5 m (1′08″),Bug,Grass,"[{'numero_evolucao': '#0412', 'nome_evolucao': 'Burmy', 'url_evolucao': '/pokedex/burmy'}, {'numero_evolucao': '#0414', 'nome_evolucao': 'Mothim', 'url_evolucao': '/pokedex/mothim'}, {'numero_evolucao': '#0412', 'nome_evolucao': 'Burmy', 'url_evolucao': '/pokedex/burmy'}, {'numero_evolucao': '#0413', 'nome_evolucao': 'Wormadam', 'url_evolucao': '/pokedex/wormadam'}, {'numero_evolucao': '#0412', 'nome_evolucao': 'Burmy', 'url_evolucao': '/pokedex/burmy'}, {'numero_evolucao': '#0413', 'nome_evolucao': 'Wormadam', 'url_evolucao': '/pokedex/wormadam'}, {'numero_evolucao': '#0412', 'nome_evolucao': 'Burmy', 'url_evolucao': '/pokedex/burmy'}, {'numero_evolucao': '#0413', 'nome_evolucao': 'Wormadam', 'url_evolucao': '/pokedex/wormadam'}]","[{'nome': 'Anticipation ', 'descricao': 'A Pokémon with ', 'url_habilidade': 'https://pokemondb.net/ability/anticipation'}]"
Cherrim,0421,9.3 kg (20.5 lbs),0.5 m (1′08″),Grass,,"[{'numero_evolucao': '#0420', 'nome_evolucao': 'Cherubi', 'url_evolucao': '/pokedex/cherubi'}, {'numero_evolucao': '#0421', 'nome_evolucao': 'Cherrim', 'url_evolucao': '/pokedex/cherrim'}]","[{'nome': 'Flower Gift ', 'descricao': ' raises the Attack and Special Defense of all party Pokémon by 50% during harsh sunlight.', 'url_habilidade': 'https://pokemondb.net/ability/flower-gift'}]"
Gastrodon,0423,29.9 kg (65.9 lbs),0.9 m (2′11″),Water,Ground,"[{'numero_evolucao': '#0422', 'nome_evolucao': 'Shellos', 'url_evolucao': '/pokedex/shellos'}, {'numero_evolucao': '#0423', 'nome_evolucao': 'Gastrodon', 'url_evolucao': '/pokedex/gastrodon'}]","[{'nome': 'Sticky Hold ', 'descricao': ' prevents held items from being taken or switched.', 'url_habilidade': 'https://pokemondb.net/ability/sticky-hold'}]"
Electivire,0466,138.6 kg (305.6 lbs),1.8 m (5′11″),Electric,,"[{'numero_evolucao': '#0239', 'nome_evolucao': 'Elekid', 'url_evolucao': '/pokedex/elekid'}, {'numero_evolucao': '#0125', 'nome_evolucao': 'Electabuzz', 'url_evolucao': '/pokedex/electabuzz'}, {'numero_evolucao': '#0466', 'nome_evolucao': 'Electivire', 'url_evolucao': '/pokedex/electivire'}]","[{'nome': 'Motor Drive ', 'descricao': 'Raises Speed if hit by an Electric-type move.\n', 'url_habilidade': 'https://pokemondb.net/ability/motor-drive'}]"
Porygon-Z,0474,34.0 kg (75.0 lbs),0.9 m (2′11″),Normal,,"[{'numero_evolucao': '#0137', 'nome_evolucao': 'Porygon', 'url_evolucao': '/pokedex/porygon'}, {'numero_evolucao': '#0233', 'nome_evolucao': 'Porygon2', 'url_evolucao': '/pokedex/porygon2'}, {'numero_evolucao': '#0474', 'nome_evolucao': 'Porygon-Z', 'url_evolucao': '/pokedex/porygon-z'}]","[{'nome': 'Adaptability ', 'descricao': ' increases the effectiveness of ', 'url_habilidade': 'https://pokemondb.net/ability/adaptability'}]"
Gallade,0475,52.0 kg (114.6 lbs),1.6 m (5′03″),Psychic,Fighting,"[{'numero_evolucao': '#0280', 'nome_evolucao': 'Ralts', 'url_evolucao': '/pokedex/ralts'}, {'numero_evolucao': '#0281', 'nome_evolucao': 'Kirlia', 'url_evolucao': '/pokedex/kirlia'}, {'numero_evolucao': '#0282', 'nome_evolucao': 'Gardevoir', 'url_evolucao': '/pokedex/gardevoir'}, {'numero_evolucao': '#0475', 'nome_evolucao': 'Gallade', 'url_evolucao': '/pokedex/gallade'}]","[{'nome': 'Steadfast ', 'descricao': 'Raises Speed each time the Pokémon flinches.\n', 'url_habilidade': 'https://pokemondb.net/ability/steadfast'}]"
Froslass,0478,26.6 kg (58.6 lbs),1.3 m (4′03″),Ice,Ghost,"[{'numero_evolucao': '#0361', 'nome_evolucao': 'Snorunt', 'url_evolucao': '/pokedex/snorunt'}, {'numero_evolucao': '#0362', 'nome_evolucao': 'Glalie', 'url_evolucao': '/pokedex/glalie'}, {'numero_evolucao': '#0478', 'nome_evolucao': 'Froslass', 'url_evolucao': '/pokedex/froslass'}]","[{'nome': 'Snow Cloak ', 'descricao': "" raises ability-bearer's evasion by 20% in a hail storm. It also gives immunity to damage by hail (if they are not already protected by being "", 'url_habilidade': 'https://pokemondb.net/ability/snow-cloak'}]"
Regigigas,0486,420.0 kg (925.9 lbs),3.7 m (12′02″),Normal,,,"[{'nome': 'Slow Start ', 'descricao': 'Temporarily halves Attack and Speed.\n', 'url_habilidade': 'https://pokemondb.net/ability/slow-start'}]"
Arceus,0493,320.0 kg (705.5 lbs),3.2 m (10′06″),Normal,,,"[{'nome': 'Multitype ', 'descricao': "" changes the ability-bearer's type if it is holding one of the "", 'url_habilidade': 'https://pokemondb.net/ability/multitype'}]"
Victini,0494,4.0 kg (8.8 lbs),0.4 m (1′04″),Psychic,Fire,,"[{'nome': 'Victory Star ', 'descricao': 'Boosts the accuracy of its allies and itself.\n', 'url_habilidade': 'https://pokemondb.net/ability/victory-star'}]"
Simipour,0516,29.0 kg (63.9 lbs),1.0 m (3′03″),Water,,"[{'numero_evolucao': '#0515', 'nome_evolucao': 'Panpour', 'url_evolucao': '/pokedex/panpour'}, {'numero_evolucao': '#0516', 'nome_evolucao': 'Simipour', 'url_evolucao': '/pokedex/simipour'}]","[{'nome': 'Gluttony ', 'descricao': 'A Pokémon with ', 'url_habilidade': 'https://pokemondb.net/ability/gluttony'}]"
Musharna,0518,60.5 kg (133.4 lbs),1.1 m (3′07″),Psychic,,"[{'numero_evolucao': '#0517', 'nome_evolucao': 'Munna', 'url_evolucao': '/pokedex/munna'}, {'numero_evolucao': '#0518', 'nome_evolucao': 'Musharna', 'url_evolucao': '/pokedex/musharna'}]","[{'nome': 'Forewarn ', 'descricao': 'Determines what moves a foe has.\n', 'url_habilidade': 'https://pokemondb.net/ability/forewarn'}]"
Excadrill,0530,40.4 kg (89.1 lbs),0.7 m (2′04″),Ground,Steel,"[{'numero_evolucao': '#0529', 'nome_evolucao': 'Drilbur', 'url_evolucao': '/pokedex/drilbur'}, {'numero_evolucao': '#0530', 'nome_evolucao': 'Excadrill', 'url_evolucao': '/pokedex/excadrill'}]","[{'nome': 'Sand Rush ', 'descricao': "" doubles the ability-bearer's Speed during a "", 'url_habilidade': 'https://pokemondb.net/ability/sand-rush'}]"
Audino,0531,31.0 kg (68.3 lbs),1.1 m (3′07″),Normal,Fairy,,"[{'nome': 'Healer ', 'descricao': ""May heal an ally's status conditions.\n"", 'url_habilidade': 'https://pokemondb.net/ability/healer'}]"
Whimsicott,0547,6.6 kg (14.6 lbs),0.7 m (2′04″),Grass,Fairy,"[{'numero_evolucao': '#0546', 'nome_evolucao': 'Cottonee', 'url_evolucao': '/pokedex/cottonee'}, {'numero_evolucao': '#0547', 'nome_evolucao': 'Whimsicott', 'url_evolucao': '/pokedex/whimsicott'}]","[{'nome': 'Prankster ', 'descricao': ' increases the priority of status moves by +1.', 'url_habilidade': 'https://pokemondb.net/ability/prankster'}]"
Sigilyph,0561,14.0 kg (30.9 lbs),1.4 m (4′07″),Psychic,Flying,,"[{'nome': 'Wonder Skin ', 'descricao': ' halves the accuracy of all status moves targeted at the ability-bearer.', 'url_habilidade': 'https://pokemondb.net/ability/wonder-skin'}]"
Cofagrigus,0563,76.5 kg (168.7 lbs),1.7 m (5′07″),Ghost,,"[{'numero_evolucao': '#0562', 'nome_evolucao': 'Yamask', 'url_evolucao': '/pokedex/yamask'}, {'numero_evolucao': '#0563', 'nome_evolucao': 'Cofagrigus', 'url_evolucao': '/pokedex/cofagrigus'}, {'numero_evolucao': '#0562', 'nome_evolucao': 'Yamask', 'url_evolucao': '/pokedex/yamask'}, {'numero_evolucao': '#0867', 'nome_evolucao': 'Runerigus', 'url_evolucao': '/pokedex/runerigus'}]","[{'nome': 'Mummy ', 'descricao': 'Contact with this Pokémon spreads this Ability.\n', 'url_habilidade': 'https://pokemondb.net/ability/mummy'}]"
Reuniclus,0579,20.1 kg (44.3 lbs),1.0 m (3′03″),Psychic,,"[{'numero_evolucao': '#0577', 'nome_evolucao': 'Solosis', 'url_evolucao': '/pokedex/solosis'}, {'numero_evolucao': '#0578', 'nome_evolucao': 'Duosion', 'url_evolucao': '/pokedex/duosion'}, {'numero_evolucao': '#0579', 'nome_evolucao': 'Reuniclus', 'url_evolucao': '/pokedex/reuniclus'}]","[{'nome': 'Overcoat ', 'descricao': ' makes the Pokémon immune to residual damage from weather conditions (specifically ', 'url_habilidade': 'https://pokemondb.net/ability/overcoat'}]"
Vanillish,0583,41.0 kg (90.4 lbs),1.1 m (3′07″),Ice,Giant Chasm,"[{'numero_evolucao': '#0582', 'nome_evolucao': 'Vanillite', 'url_evolucao': '/pokedex/vanillite'}, {'numero_evolucao': '#0583', 'nome_evolucao': 'Vanillish', 'url_evolucao': '/pokedex/vanillish'}, {'numero_evolucao': '#0584', 'nome_evolucao': 'Vanilluxe', 'url_evolucao': '/pokedex/vanilluxe'}]","[{'nome': 'Ice Body ', 'descricao': 'A Pokémon with ', 'url_habilidade': 'https://pokemondb.net/ability/ice-body'}]"
Ferrothorn,0598,110.0 kg (242.5 lbs),1.0 m (3′03″),Grass,Steel,"[{'numero_evolucao': '#0597', 'nome_evolucao': 'Ferroseed', 'url_evolucao': '/pokedex/ferroseed'}, {'numero_evolucao': '#0598', 'nome_evolucao': 'Ferrothorn', 'url_evolucao': '/pokedex/ferrothorn'}]","[{'nome': 'Iron Barbs ', 'descricao': 'When a Pokémon with ', 'url_habilidade': 'https://pokemondb.net/ability/iron-barbs'}]"
Elgyem,0605,9.0 kg (19.8 lbs),0.5 m (1′08″),Psychic,,"[{'numero_evolucao': '#0605', 'nome_evolucao': 'Elgyem', 'url_evolucao': '/pokedex/elgyem'}, {'numero_evolucao': '#0606', 'nome_evolucao': 'Beheeyem', 'url_evolucao': '/pokedex/beheeyem'}]","[{'nome': 'Telepathy ', 'descricao': 'Pokémon with the ', 'url_habilidade': 'https://pokemondb.net/ability/telepathy'}]"
Bisharp,0625,70.0 kg (154.3 lbs),1.6 m (5′03″),Dark,Steel,"[{'numero_evolucao': '#0624', 'nome_evolucao': 'Pawniard', 'url_evolucao': '/pokedex/pawniard'}, {'numero_evolucao': '#0625', 'nome_evolucao': 'Bisharp', 'url_evolucao': '/pokedex/bisharp'}, {'numero_evolucao': '#0983', 'nome_evolucao': 'Kingambit', 'url_evolucao': '/pokedex/kingambit'}]","[{'nome': 'Defiant ', 'descricao': "" raises the ability-bearer's Attack by two stages when hit by a stat-lowering move."", 'url_habilidade': 'https://pokemondb.net/ability/defiant'}]"
Bouffalant,0626,94.6 kg (208.6 lbs),1.6 m (5′03″),Normal,,,"[{'nome': 'Reckless ', 'descricao': ' increases the power of ', 'url_habilidade': 'https://pokemondb.net/ability/reckless'}]"
Vullaby,0629,9.0 kg (19.8 lbs),0.5 m (1′08″),Dark,Flying,"[{'numero_evolucao': '#0629', 'nome_evolucao': 'Vullaby', 'url_evolucao': '/pokedex/vullaby'}, {'numero_evolucao': '#0630', 'nome_evolucao': 'Mandibuzz', 'url_evolucao': '/pokedex/mandibuzz'}]","[{'nome': 'Big Pecks ', 'descricao': "" prevents the ability-bearer's Defense stat from being lowered, for example via "", 'url_habilidade': 'https://pokemondb.net/ability/big-pecks'}]"
Virizion,0640,200.0 kg (440.9 lbs),2.0 m (6′07″),Grass,Fighting,,"[{'nome': 'Justified ', 'descricao': "" raises the ability-bearer's Attack by one stage when hit by a damaging "", 'url_habilidade': 'https://pokemondb.net/ability/justified'}]"
Genesect,0649,82.5 kg (181.9 lbs),1.5 m (4′11″),Bug,Steel,,"[{'nome': 'Download ', 'descricao': "" raises either the bearer's Attack or Special Attack by one stage when switching into battle, base on the opponent's defenses."", 'url_habilidade': 'https://pokemondb.net/ability/download'}]"
Pangoro,0675,136.0 kg (299.8 lbs),2.1 m (6′11″),Fighting,Dark,"[{'numero_evolucao': '#0674', 'nome_evolucao': 'Pancham', 'url_evolucao': '/pokedex/pancham'}, {'numero_evolucao': '#0675', 'nome_evolucao': 'Pangoro', 'url_evolucao': '/pokedex/pangoro'}]","[{'nome': 'Iron Fist ', 'descricao': ' increases the power of all ', 'url_habilidade': 'https://pokemondb.net/ability/iron-fist'}]"
Furfrou,0676,28.0 kg (61.7 lbs),1.2 m (3′11″),Normal,,,"[{'nome': 'Fur Coat ', 'descricao': ' reduces damage taken from physical attacks by 50%.', 'url_habilidade': 'https://pokemondb.net/ability/fur-coat'}]"
Barbaracle,0689,96.0 kg (211.6 lbs),1.3 m (4′03″),Rock,Water,"[{'numero_evolucao': '#0688', 'nome_evolucao': 'Binacle', 'url_evolucao': '/pokedex/binacle'}, {'numero_evolucao': '#0689', 'nome_evolucao': 'Barbaracle', 'url_evolucao': '/pokedex/barbaracle'}]","[{'nome': 'Sniper ', 'descricao': ' increases the power of critical hits by 1.5×. This means a critical hit will deal ', 'url_habilidade': 'https://pokemondb.net/ability/sniper'}]"
Clauncher,0692,8.3 kg (18.3 lbs),0.5 m (1′08″),Water,,"[{'numero_evolucao': '#0692', 'nome_evolucao': 'Clauncher', 'url_evolucao': '/pokedex/clauncher'}, {'numero_evolucao': '#0693', 'nome_evolucao': 'Clawitzer', 'url_evolucao': '/pokedex/clawitzer'}]","[{'nome': 'Mega Launcher ', 'descricao': ' increases the power of all ', 'url_habilidade': 'https://pokemondb.net/ability/mega-launcher'}]"
Dedenne,0702,2.2 kg (4.9 lbs),0.2 m (0′08″),Electric,Fairy,,"[{'nome': 'Cheek Pouch ', 'descricao': "" restores the bearer's HP when a Berry is consumed, on top of the berry's usual effects."", 'url_habilidade': 'https://pokemondb.net/ability/cheek-pouch'}]"
Hoopa,0720,9.0 kg (19.8 lbs),0.5 m (1′08″),Psychic,Ghost,,"[{'nome': 'Magician ', 'descricao': 'The Pokémon steals the held item of a Pokémon it hits with a move.\n', 'url_habilidade': 'https://pokemondb.net/ability/magician'}]"
Gumshoos,0735,14.2 kg (31.3 lbs),0.7 m (2′04″),Normal,10,"[{'numero_evolucao': '#0734', 'nome_evolucao': 'Yungoos', 'url_evolucao': '/pokedex/yungoos'}, {'numero_evolucao': '#0735', 'nome_evolucao': 'Gumshoos', 'url_evolucao': '/pokedex/gumshoos'}]","[{'nome': 'Strong Jaw ', 'descricao': ' increases the power of all ', 'url_habilidade': 'https://pokemondb.net/ability/strong-jaw'}]"
Charjabug,0737,10.5 kg (23.1 lbs),0.5 m (1′08″),Bug,Electric,"[{'numero_evolucao': '#0736', 'nome_evolucao': 'Grubbin', 'url_evolucao': '/pokedex/grubbin'}, {'numero_evolucao': '#0737', 'nome_evolucao': 'Charjabug', 'url_evolucao': '/pokedex/charjabug'}, {'numero_evolucao': '#0738', 'nome_evolucao': 'Vikavolt', 'url_evolucao': '/pokedex/vikavolt'}]","[{'nome': 'Battery ', 'descricao': "" allows the Pokémon to raise the power of teammates' special moves."", 'url_habilidade': 'https://pokemondb.net/ability/battery'}]"
Oricorio,0741,3.4 kg (7.5 lbs),0.6 m (2′00″),Fire,Flying,,"[{'nome': 'Dancer ', 'descricao': 'When another Pokémon on the field uses any ', 'url_habilidade': 'https://pokemondb.net/ability/dancer'}]"
Lurantis,0754,18.5 kg (40.8 lbs),0.9 m (2′11″),Grass,,"[{'numero_evolucao': '#0753', 'nome_evolucao': 'Fomantis', 'url_evolucao': '/pokedex/fomantis'}, {'numero_evolucao': '#0754', 'nome_evolucao': 'Lurantis', 'url_evolucao': '/pokedex/lurantis'}]","[{'nome': 'Leaf Guard ', 'descricao': ' prevents the bearer from succumbing to major status ailments (sleep, burns, poisoning, paralysis or freezing) during sunny weather.', 'url_habilidade': 'https://pokemondb.net/ability/leaf-guard'}]"
Palossand,0770,250.0 kg (551.2 lbs),1.3 m (4′03″),Ghost,Ground,"[{'numero_evolucao': '#0769', 'nome_evolucao': 'Sandygast', 'url_evolucao': '/pokedex/sandygast'}, {'numero_evolucao': '#0770', 'nome_evolucao': 'Palossand', 'url_evolucao': '/pokedex/palossand'}]","[{'nome': 'Water Compaction ', 'descricao': "" raises the bearer's Defense by 2 stages when it is hit by a Water-type move."", 'url_habilidade': 'https://pokemondb.net/ability/water-compaction'}]"
Pyukumuku,0771,1.2 kg (2.6 lbs),0.3 m (1′00″),Water,,,"[{'nome': 'Innards Out ', 'descricao': 'When a Pokémon with ', 'url_habilidade': 'https://pokemondb.net/ability/innards-out'}]"
Silvally,0773,100.5 kg (221.6 lbs),2.3 m (7′07″),Normal,,"[{'numero_evolucao': '#0772', 'nome_evolucao': 'Type: Null', 'url_evolucao': '/pokedex/type-null'}, {'numero_evolucao': '#0773', 'nome_evolucao': 'Silvally', 'url_evolucao': '/pokedex/silvally'}]","[{'nome': 'RKS System ', 'descricao': 'Changes type depending on held item.\n', 'url_habilidade': 'https://pokemondb.net/ability/rks-system'}]"
Minior,0774,40.0 kg (88.2 lbs),0.3 m (1′00″),Rock,Flying,,"[{'nome': 'Shields Down ', 'descricao': ' causes the Pokémon to changes its appearance and stats depending on its remaining HP.', 'url_habilidade': 'https://pokemondb.net/ability/shields-down'}]"
Buzzwole,0794,333.6 kg (735.5 lbs),2.4 m (7′10″),Bug,Fighting,,"[{'nome': 'Beast Boost ', 'descricao': 'The Pokémon boosts its most proficient stat each time it knocks out a Pokémon.\n', 'url_habilidade': 'https://pokemondb.net/ability/beast-boost'}]"
Coalossal,0839,310.5 kg (684.5 lbs),2.8 m (9′02″),Rock,Fire,"[{'numero_evolucao': '#0837', 'nome_evolucao': 'Rolycoly', 'url_evolucao': '/pokedex/rolycoly'}, {'numero_evolucao': '#0838', 'nome_evolucao': 'Carkol', 'url_evolucao': '/pokedex/carkol'}, {'numero_evolucao': '#0839', 'nome_evolucao': 'Coalossal', 'url_evolucao': '/pokedex/coalossal'}]","[{'nome': 'Steam Engine ', 'descricao': "" raises the user's Speed by three stages when it is hit by a Fire- or Water-type attack. The attack still deals damage."", 'url_habilidade': 'https://pokemondb.net/ability/steam-engine'}]"
Applin,0840,0.5 kg (1.1 lbs),0.2 m (0′08″),Grass,Dragon,"[{'numero_evolucao': '#0840', 'nome_evolucao': 'Applin', 'url_evolucao': '/pokedex/applin'}, {'numero_evolucao': '#0841', 'nome_evolucao': 'Flapple', 'url_evolucao': '/pokedex/flapple'}, {'numero_evolucao': '#0842', 'nome_evolucao': 'Appletun', 'url_evolucao': '/pokedex/appletun'}]","[{'nome': 'Ripen ', 'descricao': 'Doubles the effect of berries.\n', 'url_habilidade': 'https://pokemondb.net/ability/ripen'}]"
Sandaconda,0844,65.5 kg (144.4 lbs),3.8 m (12′06″),Ground,,"[{'numero_evolucao': '#0843', 'nome_evolucao': 'Silicobra', 'url_evolucao': '/pokedex/silicobra'}, {'numero_evolucao': '#0844', 'nome_evolucao': 'Sandaconda', 'url_evolucao': '/pokedex/sandaconda'}]","[{'nome': 'Sand Spit ', 'descricao': 'Creates a sandstorm when hit by an attack.\n', 'url_habilidade': 'https://pokemondb.net/ability/sand-spit'}]"
Cramorant,0845,18.0 kg (39.7 lbs),0.8 m (2′07″),Flying,Water,,"[{'nome': 'Gulp Missile ', 'descricao': ' is the signature ability of ', 'url_habilidade': 'https://pokemondb.net/ability/gulp-missile'}]"
Polteageist,0855,0.4 kg (0.9 lbs),0.2 m (0′08″),Ghost,,"[{'numero_evolucao': '#0854', 'nome_evolucao': 'Sinistea', 'url_evolucao': '/pokedex/sinistea'}, {'numero_evolucao': '#0855', 'nome_evolucao': 'Polteageist', 'url_evolucao': '/pokedex/polteageist'}]","[{'nome': 'Weak Armor ', 'descricao': 'When a Pokémon with ', 'url_habilidade': 'https://pokemondb.net/ability/weak-armor'}]"
Mr. Rime,0866,58.2 kg (128.3 lbs),1.5 m (4′11″),Ice,Psychic,"[{'numero_evolucao': '#0439', 'nome_evolucao': 'Mime Jr.', 'url_evolucao': '/pokedex/mime-jr'}, {'numero_evolucao': '#0122', 'nome_evolucao': 'Mr. Mime', 'url_evolucao': '/pokedex/mr-mime'}, {'numero_evolucao': '#0122', 'nome_evolucao': 'Mr. Mime', 'url_evolucao': '/pokedex/mr-mime'}, {'numero_evolucao': '#0866', 'nome_evolucao': 'Mr. Rime', 'url_evolucao': '/pokedex/mr-rime'}]","[{'nome': 'Tangled Feet ', 'descricao': 'Raises evasion if the Pokémon is confused.\n', 'url_habilidade': 'https://pokemondb.net/ability/tangled-feet'}]"
Stonjourner,0874,520.0 kg (1146.4 lbs),2.5 m (8′02″),Rock,,,"[{'nome': 'Power Spot ', 'descricao': 'Just being next to the Pokémon powers up moves.\n', 'url_habilidade': 'https://pokemondb.net/ability/power-spot'}]"
Duraludon,0884,40.0 kg (88.2 lbs),1.8 m (5′11″),Steel,Dragon,,"[{'nome': 'Light Metal ', 'descricao': "" halves the Pokémon's weight in battle. Decreasing weight affects these moves:"", 'url_habilidade': 'https://pokemondb.net/ability/light-metal'}]"
Spectrier,0897,44.5 kg (98.1 lbs),2.0 m (6′07″),Ghost,,,"[{'nome': 'Grim Neigh ', 'descricao': 'Boosts Special Attack after knocking out a Pokémon.\n', 'url_habilidade': 'https://pokemondb.net/ability/grim-neigh'}]"
Calyrex,0898,7.7 kg (17.0 lbs),1.1 m (3′07″),Psychic,Grass,,"[{'nome': 'Unnerve ', 'descricao': 'Makes the foe nervous and unable to eat Berries.\n', 'url_habilidade': 'https://pokemondb.net/ability/unnerve'}]"
Arboliva,0930,48.2 kg (106.3 lbs),1.4 m (4′07″),Grass,Normal,"[{'numero_evolucao': '#0928', 'nome_evolucao': 'Smoliv', 'url_evolucao': '/pokedex/smoliv'}, {'numero_evolucao': '#0929', 'nome_evolucao': 'Dolliv', 'url_evolucao': '/pokedex/dolliv'}, {'numero_evolucao': '#0930', 'nome_evolucao': 'Arboliva', 'url_evolucao': '/pokedex/arboliva'}]","[{'nome': 'Seed Sower ', 'descricao': 'Turns the ground into Grassy Terrain when the Pokémon is hit by an attack.\n', 'url_habilidade': 'https://pokemondb.net/ability/seed-sower'}]"
Dachsbun,0927,14.9 kg (32.8 lbs),0.5 m (1′08″),Fairy,,"[{'numero_evolucao': '#0926', 'nome_evolucao': 'Fidough', 'url_evolucao': '/pokedex/fidough'}, {'numero_evolucao': '#0927', 'nome_evolucao': 'Dachsbun', 'url_evolucao': '/pokedex/dachsbun'}]","[{'nome': 'Well-Baked Body ', 'descricao': 'Immune to Fire-type moves, and Defense is sharply boosted.\n', 'url_habilidade': 'https://pokemondb.net/ability/well-baked-body'}]"
Naclstack,0933,105.0 kg (231.5 lbs),0.6 m (2′00″),Rock,,"[{'numero_evolucao': '#0932', 'nome_evolucao': 'Nacli', 'url_evolucao': '/pokedex/nacli'}, {'numero_evolucao': '#0933', 'nome_evolucao': 'Naclstack', 'url_evolucao': '/pokedex/naclstack'}, {'numero_evolucao': '#0934', 'nome_evolucao': 'Garganacl', 'url_evolucao': '/pokedex/garganacl'}]","[{'nome': 'Purifying Salt ', 'descricao': 'Protects from status conditions and halves damage from Ghost-type moves.\n', 'url_habilidade': 'https://pokemondb.net/ability/purifying-salt'}]"
Grafaiai,0945,27.2 kg (60.0 lbs),0.7 m (2′04″),Poison,Normal,"[{'numero_evolucao': '#0944', 'nome_evolucao': 'Shroodle', 'url_evolucao': '/pokedex/shroodle'}, {'numero_evolucao': '#0945', 'nome_evolucao': 'Grafaiai', 'url_evolucao': '/pokedex/grafaiai'}]","[{'nome': 'Unburden ', 'descricao': 'Raises Speed if a held item is used.\n', 'url_habilidade': 'https://pokemondb.net/ability/unburden'}]"
Bramblin,0946,0.6 kg (1.3 lbs),0.6 m (2′00″),Grass,Ghost,"[{'numero_evolucao': '#0946', 'nome_evolucao': 'Bramblin', 'url_evolucao': '/pokedex/bramblin'}, {'numero_evolucao': '#0947', 'nome_evolucao': 'Brambleghast', 'url_evolucao': '/pokedex/brambleghast'}]","[{'nome': 'Wind Rider ', 'descricao': "" gives immunity to wind moves, and causes the Pokémon's Attack to increase by one stage when hit by one."", 'url_habilidade': 'https://pokemondb.net/ability/wind-rider'}]"
Tinkaton,0959,112.8 kg (248.7 lbs),0.7 m (2′04″),Fairy,Steel,"[{'numero_evolucao': '#0957', 'nome_evolucao': 'Tinkatink', 'url_evolucao': '/pokedex/tinkatink'}, {'numero_evolucao': '#0958', 'nome_evolucao': 'Tinkatuff', 'url_evolucao': '/pokedex/tinkatuff'}, {'numero_evolucao': '#0959', 'nome_evolucao': 'Tinkaton', 'url_evolucao': '/pokedex/tinkaton'}]","[{'nome': 'Mold Breaker ', 'descricao': "" prevents a target's ability from affecting moves that the "", 'url_habilidade': 'https://pokemondb.net/ability/mold-breaker'}]"
Orthworm,0968,310.0 kg (683.4 lbs),2.5 m (8′02″),Steel,,,"[{'nome': 'Earth Eater ', 'descricao': 'Restores HP when hit by a Ground-type move.\n', 'url_habilidade': 'https://pokemondb.net/ability/earth-eater'}]"
Glimmora,0970,45.0 kg (99.2 lbs),1.5 m (4′11″),Rock,Poison,"[{'numero_evolucao': '#0969', 'nome_evolucao': 'Glimmet', 'url_evolucao': '/pokedex/glimmet'}, {'numero_evolucao': '#0970', 'nome_evolucao': 'Glimmora', 'url_evolucao': '/pokedex/glimmora'}]","[{'nome': 'Toxic Debris ', 'descricao': 'Scatters poison spikes at the feet of the opposing team when the Pokémon takes damage from physical moves.\n', 'url_habilidade': 'https://pokemondb.net/ability/toxic-debris'}]"
Flamigo,0973,37.0 kg (81.6 lbs),1.6 m (5′03″),Flying,Fighting,,"[{'nome': 'Scrappy ', 'descricao': 'Enables moves to hit Ghost-type Pokémon.\n', 'url_habilidade': 'https://pokemondb.net/ability/scrappy'}]"
Dondozo,0977,220.0 kg (485.0 lbs),12.0 m (39′04″),Water,,,"[{'nome': 'Unaware ', 'descricao': 'Ignores any stat changes in the Pokémon.\n', 'url_habilidade': 'https://pokemondb.net/ability/unaware'}]"
Tatsugiri,0978,8.0 kg (17.6 lbs),0.3 m (1′00″),Dragon,Water,,"[{'nome': 'Commander ', 'descricao': 'Goes inside the mouth of an ally Dondozo if one is on the field.\n', 'url_habilidade': 'https://pokemondb.net/ability/commander'}]"
Flutter Mane,0987,4.0 kg (8.8 lbs),1.4 m (4′07″),Ghost,Fairy,,"[{'nome': 'Protosynthesis ', 'descricao': 'Raises highest stat in harsh sunlight, or if holding Booster Energy.\n', 'url_habilidade': 'https://pokemondb.net/ability/protosynthesis'}]"
Iron Hands,0992,380.7 kg (839.3 lbs),1.8 m (5′11″),Fighting,Electric,,"[{'nome': 'Quark Drive ', 'descricao': 'Raises highest stat on Electric Terrain, or if holding Booster Energy.\n', 'url_habilidade': 'https://pokemondb.net/ability/quark-drive'}]"
Baxcalibur,0998,210.0 kg (463.0 lbs),2.1 m (6′11″),Dragon,Ice,"[{'numero_evolucao': '#0996', 'nome_evolucao': 'Frigibax', 'url_evolucao': '/pokedex/frigibax'}, {'numero_evolucao': '#0997', 'nome_evolucao': 'Arctibax', 'url_evolucao': '/pokedex/arctibax'}, {'numero_evolucao': '#0998', 'nome_evolucao': 'Baxcalibur', 'url_evolucao': '/pokedex/baxcalibur'}]","[{'nome': 'Thermal Exchange ', 'descricao': 'Raises Attack when hit by a Fire-type move. Cannot be burned.\n', 'url_habilidade': 'https://pokemondb.net/ability/thermal-exchange'}]"
Gimmighoul,0999,5.0 kg (11.0 lbs),0.3 m (1′00″),Ghost,,"[{'numero_evolucao': '#0999', 'nome_evolucao': 'Gimmighoul', 'url_evolucao': '/pokedex/gimmighoul'}, {'numero_evolucao': '#1000', 'nome_evolucao': 'Gholdengo', 'url_evolucao': '/pokedex/gholdengo'}]","[{'nome': 'Rattled ', 'descricao': 'When a Pokémon with ', 'url_habilidade': 'https://pokemondb.net/ability/rattled'}]"
Chi-Yu,1004,4.9 kg (10.8 lbs),0.4 m (1′04″),Dark,Fire,,"[{'nome': 'Beads of Ruin ', 'descricao': 'Lowers Special Defense of all Pokémon except itself.\n', 'url_habilidade': 'https://pokemondb.net/ability/beads-of-ruin'}]"
Miraidon,1008,240.0 kg (529.1 lbs),3.5 m (11′06″),Electric,Dragon,,"[{'nome': 'Hadron Engine ', 'descricao': 'Creates an Electric Terrain when entering battle, and boosts Special Attack while active.\n', 'url_habilidade': 'https://pokemondb.net/ability/hadron-engine'}]"
Koraidon,1007,303.0 kg (668.0 lbs),2.5 m (8′02″),Fighting,Dragon,,"[{'nome': 'Orichalcum Pulse ', 'descricao': 'Turns the sunlight harsh when entering battle, and boosts Attack while active.\n', 'url_habilidade': 'https://pokemondb.net/ability/orichalcum-pulse'}]"
Wo-Chien,1001,74.2 kg (163.6 lbs),1.5 m (4′11″),Dark,Grass,,"[{'nome': 'Tablets of Ruin ', 'descricao': 'Lowers Attack of all Pokémon except itself.\n', 'url_habilidade': 'https://pokemondb.net/ability/tablets-of-ruin'}]"
Chien-Pao,1002,152.2 kg (335.5 lbs),1.9 m (6′03″),Dark,Ice,,"[{'nome': 'Sword of Ruin ', 'descricao': 'Lowers Defense of all Pokémon except itself.\n', 'url_habilidade': 'https://pokemondb.net/ability/sword-of-ruin'}]"
Ting-Lu,1003,699.7 kg (1542.6 lbs),2.7 m (8′10″),Dark,Ground,,"[{'nome': 'Vessel of Ruin ', 'descricao': 'Lowers Special Attack of all Pokémon except itself.\n', 'url_habilidade': 'https://pokemondb.net/ability/vessel-of-ruin'}]"
Gholdengo,1000,30.0 kg (66.1 lbs),1.2 m (3′11″),Steel,Ghost,"[{'numero_evolucao': '#0999', 'nome_evolucao': 'Gimmighoul', 'url_evolucao': '/pokedex/gimmighoul'}, {'numero_evolucao': '#1000', 'nome_evolucao': 'Gholdengo', 'url_evolucao': '/pokedex/gholdengo'}]","[{'nome': 'Good as Gold ', 'descricao': 'Gives immunity to status moves.\n', 'url_habilidade': 'https://pokemondb.net/ability/good-as-gold'}]"
Farigiraf,0981,160.0 kg (352.7 lbs),3.2 m (10′06″),Normal,Psychic,"[{'numero_evolucao': '#0203', 'nome_evolucao': 'Girafarig', 'url_evolucao': '/pokedex/girafarig'}, {'numero_evolucao': '#0981', 'nome_evolucao': 'Farigiraf', 'url_evolucao': '/pokedex/farigiraf'}]","[{'nome': 'Cud Chew ', 'descricao': ' causes the Pokémon to reuse an already consumed Berry at the end of the next turn.', 'url_habilidade': 'https://pokemondb.net/ability/cud-chew'}]"
Palafin,0964,60.2 kg (132.7 lbs),1.3 m (4′03″),Water,,"[{'numero_evolucao': '#0963', 'nome_evolucao': 'Finizen', 'url_evolucao': '/pokedex/finizen'}, {'numero_evolucao': '#0964', 'nome_evolucao': 'Palafin', 'url_evolucao': '/pokedex/palafin'}]","[{'nome': 'Zero to Hero ', 'descricao': 'Transforms into its Hero Form when switching out.\n', 'url_habilidade': 'https://pokemondb.net/ability/zero-to-hero'}]"
Wugtrio,0961,5.4 kg (11.9 lbs),1.2 m (3′11″),Water,,"[{'numero_evolucao': '#0960', 'nome_evolucao': 'Wiglett', 'url_evolucao': '/pokedex/wiglett'}, {'numero_evolucao': '#0961', 'nome_evolucao': 'Wugtrio', 'url_evolucao': '/pokedex/wugtrio'}]","[{'nome': 'Gooey ', 'descricao': ""Contact with the Pokémon lowers the attacker's Speed stat.\n"", 'url_habilidade': 'https://pokemondb.net/ability/gooey'}]"
Espathra,0956,90.0 kg (198.4 lbs),1.9 m (6′03″),Psychic,,"[{'numero_evolucao': '#0955', 'nome_evolucao': 'Flittle', 'url_evolucao': '/pokedex/flittle'}, {'numero_evolucao': '#0956', 'nome_evolucao': 'Espathra', 'url_evolucao': '/pokedex/espathra'}]","[{'nome': 'Opportunist ', 'descricao': 'Copies stat boosts by the opponent.\n', 'url_habilidade': 'https://pokemondb.net/ability/opportunist'}]"
Klawf,0950,79.0 kg (174.2 lbs),1.3 m (4′03″),Rock,,,"[{'nome': 'Anger Shell ', 'descricao': ""When the Pokémon's HP drops below half, "", 'url_habilidade': 'https://pokemondb.net/ability/anger-shell'}]"
Toedscruel,0949,58.0 kg (127.9 lbs),1.9 m (6′03″),Ground,Grass,"[{'numero_evolucao': '#0948', 'nome_evolucao': 'Toedscool', 'url_evolucao': '/pokedex/toedscool'}, {'numero_evolucao': '#0949', 'nome_evolucao': 'Toedscruel', 'url_evolucao': '/pokedex/toedscruel'}]","[{'nome': 'Mycelium Might ', 'descricao': ""Status moves go last, but are not affected by the opponent's ability.\n"", 'url_habilidade': 'https://pokemondb.net/ability/mycelium-might'}]"
Kilowattrel,0941,38.6 kg (85.1 lbs),1.4 m (4′07″),Electric,Flying,"[{'numero_evolucao': '#0940', 'nome_evolucao': 'Wattrel', 'url_evolucao': '/pokedex/wattrel'}, {'numero_evolucao': '#0941', 'nome_evolucao': 'Kilowattrel', 'url_evolucao': '/pokedex/kilowattrel'}]","[{'nome': 'Wind Power ', 'descricao': 'If a Pokémon with ', 'url_habilidade': 'https://pokemondb.net/ability/wind-power'}]"
Bellibolt,0939,113.0 kg (249.1 lbs),1.2 m (3′11″),Electric,,"[{'numero_evolucao': '#0938', 'nome_evolucao': 'Tadbulb', 'url_evolucao': '/pokedex/tadbulb'}, {'numero_evolucao': '#0939', 'nome_evolucao': 'Bellibolt', 'url_evolucao': '/pokedex/bellibolt'}]","[{'nome': 'Electromorphosis ', 'descricao': 'If a Pokémon with ', 'url_habilidade': 'https://pokemondb.net/ability/electromorphosis'}]"
Maushold,0925,2.8 kg (6.2 lbs),0.3 m (1′00″),Normal,,"[{'numero_evolucao': '#0924', 'nome_evolucao': 'Tandemaus', 'url_evolucao': '/pokedex/tandemaus'}, {'numero_evolucao': '#0925', 'nome_evolucao': 'Maushold', 'url_evolucao': '/pokedex/maushold'}, {'numero_evolucao': '#0925', 'nome_evolucao': 'Maushold', 'url_evolucao': '/pokedex/maushold'}]","[{'nome': 'Friend Guard ', 'descricao': 'Reduces damage done to allies.\n', 'url_habilidade': 'https://pokemondb.net/ability/friend-guard'}]"
Lechonk,0915,10.2 kg (22.5 lbs),0.5 m (1′08″),Normal,,"[{'numero_evolucao': '#0915', 'nome_evolucao': 'Lechonk', 'url_evolucao': '/pokedex/lechonk'}, {'numero_evolucao': '#0916', 'nome_evolucao': 'Oinkologne', 'url_evolucao': '/pokedex/oinkologne'}, {'numero_evolucao': '#0916', 'nome_evolucao': 'Oinkologne', 'url_evolucao': '/pokedex/oinkologne'}]","[{'nome': 'Aroma Veil ', 'descricao': 'Protects allies from attacks that limit their move choices.\n', 'url_habilidade': 'https://pokemondb.net/ability/aroma-veil'}]"
Oinkologne,0916,120.0 kg (264.6 lbs),1.0 m (3′03″),Normal,,"[{'numero_evolucao': '#0915', 'nome_evolucao': 'Lechonk', 'url_evolucao': '/pokedex/lechonk'}, {'numero_evolucao': '#0916', 'nome_evolucao': 'Oinkologne', 'url_evolucao': '/pokedex/oinkologne'}, {'numero_evolucao': '#0916', 'nome_evolucao': 'Oinkologne', 'url_evolucao': '/pokedex/oinkologne'}]","[{'nome': 'Lingering Aroma ', 'descricao': ""Contact changes the attacker's Ability to Lingering Aroma.\n"", 'url_habilidade': 'https://pokemondb.net/ability/lingering-aroma'}]"
Glastrier,0896,800.0 kg (1763.7 lbs),2.2 m (7′03″),Ice,,,"[{'nome': 'Chilling Neigh ', 'descricao': 'Boosts Attack after knocking out a Pokémon.\n', 'url_habilidade': 'https://pokemondb.net/ability/chilling-neigh'}]"
Urshifu,0892,105.0 kg (231.5 lbs),1.9 m (6′03″),Fighting,Dark,"[{'numero_evolucao': '#0891', 'nome_evolucao': 'Kubfu', 'url_evolucao': '/pokedex/kubfu'}, {'numero_evolucao': '#0892', 'nome_evolucao': 'Urshifu', 'url_evolucao': '/pokedex/urshifu'}, {'numero_evolucao': '#0892', 'nome_evolucao': 'Urshifu', 'url_evolucao': '/pokedex/urshifu'}]","[{'nome': 'Unseen Fist ', 'descricao': 'Contact moves can strike through Protect/Detect.\n', 'url_habilidade': 'https://pokemondb.net/ability/unseen-fist'}]"
Regieleki,0894,145.0 kg (319.7 lbs),1.2 m (3′11″),Electric,,,"[{'nome': 'Transistor ', 'descricao': ' increases the power of Electric-type moves used by this Pokémon by 50%.', 'url_habilidade': 'https://pokemondb.net/ability/transistor'}]"
Regidrago,0895,200.0 kg (440.9 lbs),2.1 m (6′11″),Dragon,,,"[{'nome': ""Dragon's Maw "", 'descricao': ' increases the power of Dragon-type moves used by this Pokémon by 50%.', 'url_habilidade': 'https://pokemondb.net/ability/dragons-maw'}]"
Zamazenta,0889,210.0 kg (463.0 lbs),2.9 m (9′06″),Fighting,Steel,,"[{'nome': 'Dauntless Shield ', 'descricao': 'Boosts Defense in battle.\n', 'url_habilidade': 'https://pokemondb.net/ability/dauntless-shield'}]"
Morpeko,0877,3.0 kg (6.6 lbs),0.3 m (1′00″),Electric,Dark,,"[{'nome': 'Hunger Switch ', 'descricao': "" causes Morpeko to change its form each turn, alternating between Full Belly Mode and Hangry Mode. Morpeko's form also changes the type of its signature move, "", 'url_habilidade': 'https://pokemondb.net/ability/hunger-switch'}]"
Copperajah,0879,650.0 kg (1433.0 lbs),3.0 m (9′10″),Steel,,"[{'numero_evolucao': '#0878', 'nome_evolucao': 'Cufant', 'url_evolucao': '/pokedex/cufant'}, {'numero_evolucao': '#0879', 'nome_evolucao': 'Copperajah', 'url_evolucao': '/pokedex/copperajah'}]","[{'nome': 'Sheer Force ', 'descricao': ' increases the power of moves that have beneficial secondary effects by 30%, but removes those additional effects.', 'url_habilidade': 'https://pokemondb.net/ability/sheer-force'}]"
Zacian,0888,110.0 kg (242.5 lbs),2.8 m (9′02″),Fairy,Steel,,"[{'nome': 'Intrepid Sword ', 'descricao': 'Boosts Attack in battle.\n', 'url_habilidade': 'https://pokemondb.net/ability/intrepid-sword'}]"
Alcremie,0869,0.5 kg (1.1 lbs),0.3 m (1′00″),Fairy,,"[{'numero_evolucao': '#0868', 'nome_evolucao': 'Milcery', 'url_evolucao': '/pokedex/milcery'}, {'numero_evolucao': '#0869', 'nome_evolucao': 'Alcremie', 'url_evolucao': '/pokedex/alcremie'}]","[{'nome': 'Sweet Veil ', 'descricao': ' prevents this Pokémon and its allies from falling asleep, for example from moves like ', 'url_habilidade': 'https://pokemondb.net/ability/sweet-veil'}]"
Eiscue,0875,89.0 kg (196.2 lbs),1.4 m (4′07″),Ice,Lake of Outrage,,"[{'nome': 'Ice Face ', 'descricao': ' is the signature ability of ', 'url_habilidade': 'https://pokemondb.net/ability/ice-face'}]"
Runerigus,0867,66.6 kg (146.8 lbs),1.6 m (5′03″),Ground,Ghost,"[{'numero_evolucao': '#0562', 'nome_evolucao': 'Yamask', 'url_evolucao': '/pokedex/yamask'}, {'numero_evolucao': '#0563', 'nome_evolucao': 'Cofagrigus', 'url_evolucao': '/pokedex/cofagrigus'}, {'numero_evolucao': '#0562', 'nome_evolucao': 'Yamask', 'url_evolucao': '/pokedex/yamask'}, {'numero_evolucao': '#0867', 'nome_evolucao': 'Runerigus', 'url_evolucao': '/pokedex/runerigus'}]","[{'nome': 'Wandering Spirit ', 'descricao': 'Swaps abilities with opponents on contact.\n', 'url_habilidade': 'https://pokemondb.net/ability/wandering-spirit'}]"
Toxtricity,0849,40.0 kg (88.2 lbs),1.6 m (5′03″),Electric,Poison,"[{'numero_evolucao': '#0848', 'nome_evolucao': 'Toxel', 'url_evolucao': '/pokedex/toxel'}, {'numero_evolucao': '#0849', 'nome_evolucao': 'Toxtricity', 'url_evolucao': '/pokedex/toxtricity'}, {'numero_evolucao': '#0849', 'nome_evolucao': 'Toxtricity', 'url_evolucao': '/pokedex/toxtricity'}]","[{'nome': 'Punk Rock ', 'descricao': 'Boosts sound-based moves and halves damage from the same moves.\n', 'url_habilidade': 'https://pokemondb.net/ability/punk-rock'}]"
Yamper,0835,13.5 kg (29.8 lbs),0.3 m (1′00″),Electric,,"[{'numero_evolucao': '#0835', 'nome_evolucao': 'Yamper', 'url_evolucao': '/pokedex/yamper'}, {'numero_evolucao': '#0836', 'nome_evolucao': 'Boltund', 'url_evolucao': '/pokedex/boltund'}]","[{'nome': 'Ball Fetch ', 'descricao': 'If the Pokémon is not holding an item, it will fetch the Poké Ball from the first failed throw of the battle.', 'url_habilidade': 'https://pokemondb.net/ability/ball-fetch'}]"
Eldegoss,0830,2.5 kg (5.5 lbs),0.5 m (1′08″),Grass,,"[{'numero_evolucao': '#0829', 'nome_evolucao': 'Gossifleur', 'url_evolucao': '/pokedex/gossifleur'}, {'numero_evolucao': '#0830', 'nome_evolucao': 'Eldegoss', 'url_evolucao': '/pokedex/eldegoss'}]","[{'nome': 'Cotton Down ', 'descricao': 'When a Pokémon with ', 'url_habilidade': 'https://pokemondb.net/ability/cotton-down'}]"
Dubwool,0832,43.0 kg (94.8 lbs),1.3 m (4′03″),Normal,,"[{'numero_evolucao': '#0831', 'nome_evolucao': 'Wooloo', 'url_evolucao': '/pokedex/wooloo'}, {'numero_evolucao': '#0832', 'nome_evolucao': 'Dubwool', 'url_evolucao': '/pokedex/dubwool'}]","[{'nome': 'Fluffy ', 'descricao': ' reduces damage from contact moves by 50%, but Fire-type moves do double damage. Fire-type moves that make contact do regular damage.', 'url_habilidade': 'https://pokemondb.net/ability/fluffy'}]"
Magearna,0801,80.5 kg (177.5 lbs),1.0 m (3′03″),Steel,Fairy,,"[{'nome': 'Soul-Heart ', 'descricao': "" raises the bearer's Special Attack one stage when any Pokémon on the field faints."", 'url_habilidade': 'https://pokemondb.net/ability/soul-heart'}]"
Marshadow,0802,22.2 kg (48.9 lbs),0.7 m (2′04″),Fighting,Ghost,,"[{'nome': 'Technician ', 'descricao': ' increases the power of moves - that are usually base power 60 or below - by 50%.', 'url_habilidade': 'https://pokemondb.net/ability/technician'}]"
Necrozma,0800,230.0 kg (507.1 lbs),2.4 m (7′10″),Psychic,Steel,,"[{'nome': 'Prism Armor ', 'descricao': ' reduces the damage taken from super-effective attacks by 25%. It is not affected by the abilities ', 'url_habilidade': 'https://pokemondb.net/ability/prism-armor'}]"
Solgaleo,0791,230.0 kg (507.1 lbs),3.4 m (11′02″),Psychic,Steel,"[{'numero_evolucao': '#0789', 'nome_evolucao': 'Cosmog', 'url_evolucao': '/pokedex/cosmog'}, {'numero_evolucao': '#0790', 'nome_evolucao': 'Cosmoem', 'url_evolucao': '/pokedex/cosmoem'}, {'numero_evolucao': '#0791', 'nome_evolucao': 'Solgaleo', 'url_evolucao': '/pokedex/solgaleo'}, {'numero_evolucao': '#0792', 'nome_evolucao': 'Lunala', 'url_evolucao': '/pokedex/lunala'}]","[{'nome': 'Full Metal Body ', 'descricao': 'Prevents other Pokémon from lowering its stats.\n', 'url_habilidade': 'https://pokemondb.net/ability/full-metal-body'}]"
Lunala,0792,120.0 kg (264.6 lbs),4.0 m (13′01″),Psychic,Ghost,"[{'numero_evolucao': '#0789', 'nome_evolucao': 'Cosmog', 'url_evolucao': '/pokedex/cosmog'}, {'numero_evolucao': '#0790', 'nome_evolucao': 'Cosmoem', 'url_evolucao': '/pokedex/cosmoem'}, {'numero_evolucao': '#0791', 'nome_evolucao': 'Solgaleo', 'url_evolucao': '/pokedex/solgaleo'}, {'numero_evolucao': '#0792', 'nome_evolucao': 'Lunala', 'url_evolucao': '/pokedex/lunala'}]","[{'nome': 'Shadow Shield ', 'descricao': 'Reduces damage when HP is full.\n', 'url_habilidade': 'https://pokemondb.net/ability/shadow-shield'}]"
Tapu Bulu,0787,45.5 kg (100.3 lbs),1.9 m (6′03″),Grass,Fairy,,"[{'nome': 'Grassy Surge ', 'descricao': ' creates a low-lying grassy field, like the move ', 'url_habilidade': 'https://pokemondb.net/ability/grassy-surge'}]"
Tapu Fini,0788,21.2 kg (46.7 lbs),1.3 m (4′03″),Water,Fairy,,"[{'nome': 'Misty Surge ', 'descricao': ' creates a low-lying mist, like the move ', 'url_habilidade': 'https://pokemondb.net/ability/misty-surge'}]"
Kommo-o,0784,78.2 kg (172.4 lbs),1.6 m (5′03″),Dragon,Fighting,"[{'numero_evolucao': '#0782', 'nome_evolucao': 'Jangmo-o', 'url_evolucao': '/pokedex/jangmo-o'}, {'numero_evolucao': '#0783', 'nome_evolucao': 'Hakamo-o', 'url_evolucao': '/pokedex/hakamo-o'}, {'numero_evolucao': '#0784', 'nome_evolucao': 'Kommo-o', 'url_evolucao': '/pokedex/kommo-o'}]","[{'nome': 'Bulletproof ', 'descricao': ' makes the Pokémon immune to ', 'url_habilidade': 'https://pokemondb.net/ability/bulletproof'}]"
Tapu Koko,0785,20.5 kg (45.2 lbs),1.8 m (5′11″),Electric,Fairy,,"[{'nome': 'Electric Surge ', 'descricao': ' creates a low-lying electric field, like the move ', 'url_habilidade': 'https://pokemondb.net/ability/electric-surge'}]"
Tapu Lele,0786,18.6 kg (41.0 lbs),1.2 m (3′11″),Psychic,Fairy,,"[{'nome': 'Psychic Surge ', 'descricao': ' creates a low-lying psychic field, like the move ', 'url_habilidade': 'https://pokemondb.net/ability/psychic-surge'}]"
Dhelmise,0781,210.0 kg (463.0 lbs),3.9 m (12′10″),Ghost,Grass,,"[{'nome': 'Steelworker ', 'descricao': ' increases the power of Steel-type moves used by this Pokémon by 50%.', 'url_habilidade': 'https://pokemondb.net/ability/steelworker'}]"
Mimikyu,0778,0.7 kg (1.5 lbs),0.2 m (0′08″),Ghost,Fairy,,"[{'nome': 'Disguise ', 'descricao': ' allows the bearer to avoid damage for one attack, in a similar way to ', 'url_habilidade': 'https://pokemondb.net/ability/disguise'}]"
Bruxish,0779,19.0 kg (41.9 lbs),0.9 m (2′11″),Water,Psychic,,"[{'nome': 'Dazzling ', 'descricao': ' makes the Pokémon immune to high-priority moves (i.e. those with a priority above 0).', 'url_habilidade': 'https://pokemondb.net/ability/dazzling'}]"
Drampa,0780,185.0 kg (407.9 lbs),3.0 m (9′10″),Normal,Dragon,,"[{'nome': 'Berserk ', 'descricao': "" raises the Pokémon's Special Attack by one stage when its HP falls below 50%."", 'url_habilidade': 'https://pokemondb.net/ability/berserk'}]"
Wimpod,0767,12.0 kg (26.5 lbs),0.5 m (1′08″),Bug,Water,"[{'numero_evolucao': '#0767', 'nome_evolucao': 'Wimpod', 'url_evolucao': '/pokedex/wimpod'}, {'numero_evolucao': '#0768', 'nome_evolucao': 'Golisopod', 'url_evolucao': '/pokedex/golisopod'}]","[{'nome': 'Wimp Out ', 'descricao': ' causes the bearer to switch out (or flee in a wild battle) when its HP falls below 50%.', 'url_habilidade': 'https://pokemondb.net/ability/wimp-out'}]"
Golisopod,0768,108.0 kg (238.1 lbs),2.0 m (6′07″),Bug,Water,"[{'numero_evolucao': '#0767', 'nome_evolucao': 'Wimpod', 'url_evolucao': '/pokedex/wimpod'}, {'numero_evolucao': '#0768', 'nome_evolucao': 'Golisopod', 'url_evolucao': '/pokedex/golisopod'}]","[{'nome': 'Emergency Exit ', 'descricao': 'Switches out when HP falls below 50%.\n', 'url_habilidade': 'https://pokemondb.net/ability/emergency-exit'}]"
Komala,0775,19.9 kg (43.9 lbs),0.4 m (1′04″),Normal,,,"[{'nome': 'Comatose ', 'descricao': "" causes the Pokémon to behave as if it were asleep, though it doesn't officially have the Sleep status condition. It can still use its regular moves, but cannot be inflicted with any major status condition (sleep, poison, paralysis, burn, or freeze)."", 'url_habilidade': 'https://pokemondb.net/ability/comatose'}]"
Comfey,0764,0.3 kg (0.7 lbs),0.1 m (0′04″),Fairy,Poké Pelago,,"[{'nome': 'Flower Veil ', 'descricao': "" prevents ally Grass-type Pokémon's stats from being lowered, in double and triple battles."", 'url_habilidade': 'https://pokemondb.net/ability/flower-veil'}]"
Passimian,0766,82.8 kg (182.5 lbs),2.0 m (6′07″),Fighting,,,"[{'nome': 'Receiver ', 'descricao': 'A Pokémon with ', 'url_habilidade': 'https://pokemondb.net/ability/receiver'}]"
Salazzle,0758,22.2 kg (48.9 lbs),1.2 m (3′11″),Poison,Fire,"[{'numero_evolucao': '#0757', 'nome_evolucao': 'Salandit', 'url_evolucao': '/pokedex/salandit'}, {'numero_evolucao': '#0758', 'nome_evolucao': 'Salazzle', 'url_evolucao': '/pokedex/salazzle'}]","[{'nome': 'Corrosion ', 'descricao': ' allows the bearer to poison any Pokémon, including Steel and Poison types.', 'url_habilidade': 'https://pokemondb.net/ability/corrosion'}]"
Araquanid,0752,82.0 kg (180.8 lbs),1.8 m (5′11″),Water,Bug,"[{'numero_evolucao': '#0751', 'nome_evolucao': 'Dewpider', 'url_evolucao': '/pokedex/dewpider'}, {'numero_evolucao': '#0752', 'nome_evolucao': 'Araquanid', 'url_evolucao': '/pokedex/araquanid'}]","[{'nome': 'Water Bubble ', 'descricao': ' reduces damage taken from Fire-type moves by 50%, and doubles the power of Water-type moves used by the ability-bearer. It also prevents the Pokémon from being burned.', 'url_habilidade': 'https://pokemondb.net/ability/water-bubble'}]"
Toxapex,0748,14.5 kg (32.0 lbs),0.7 m (2′04″),Poison,Water,"[{'numero_evolucao': '#0747', 'nome_evolucao': 'Mareanie', 'url_evolucao': '/pokedex/mareanie'}, {'numero_evolucao': '#0748', 'nome_evolucao': 'Toxapex', 'url_evolucao': '/pokedex/toxapex'}]","[{'nome': 'Merciless ', 'descricao': ""The Pokémon's attacks become critical hits if the target is poisoned.\n"", 'url_habilidade': 'https://pokemondb.net/ability/merciless'}]"
Wishiwashi,0746,0.3 kg (0.7 lbs),0.2 m (0′08″),Water,8,,"[{'nome': 'Schooling ', 'descricao': ' changes Wishiwashi into its School Form, if its HP is above 25% and Wishiwashi is at least level 20. If its HP falls below 25%, Wishiwashi will revert back to Solo Form.', 'url_habilidade': 'https://pokemondb.net/ability/schooling'}]"
Noivern,0715,85.0 kg (187.4 lbs),1.5 m (4′11″),Flying,Dragon,"[{'numero_evolucao': '#0714', 'nome_evolucao': 'Noibat', 'url_evolucao': '/pokedex/noibat'}, {'numero_evolucao': '#0715', 'nome_evolucao': 'Noivern', 'url_evolucao': '/pokedex/noivern'}]","[{'nome': 'Frisk ', 'descricao': ""The Pokémon can check a foe's held item.\n"", 'url_habilidade': 'https://pokemondb.net/ability/frisk'}]"
Xerneas,0716,215.0 kg (474.0 lbs),3.0 m (9′10″),Fairy,,,"[{'nome': 'Fairy Aura ', 'descricao': ' raises the power of Fairy-type moves by 33%, for all Pokémon on the field (not just the ability-bearer).', 'url_habilidade': 'https://pokemondb.net/ability/fairy-aura'}]"
Yveltal,0717,203.0 kg (447.5 lbs),5.8 m (19′00″),Dark,Flying,,"[{'nome': 'Dark Aura ', 'descricao': ' raises the power of Dark-type moves by 33% for all Pokémon on the field (not just the ability-bearer).', 'url_habilidade': 'https://pokemondb.net/ability/dark-aura'}]"
Zygarde,0718,305.0 kg (672.4 lbs),5.0 m (16′05″),Dragon,Ground,,"[{'nome': 'Aura Break ', 'descricao': ' cancels the effects of the abilities ', 'url_habilidade': 'https://pokemondb.net/ability/aura-break'}]"
Goodra,0706,150.5 kg (331.8 lbs),2.0 m (6′07″),Dragon,Dragon,"[{'numero_evolucao': '#0704', 'nome_evolucao': 'Goomy', 'url_evolucao': '/pokedex/goomy'}, {'numero_evolucao': '#0705', 'nome_evolucao': 'Sliggoo', 'url_evolucao': '/pokedex/sliggoo'}, {'numero_evolucao': '#0706', 'nome_evolucao': 'Goodra', 'url_evolucao': '/pokedex/goodra'}, {'numero_evolucao': '#0705', 'nome_evolucao': 'Sliggoo', 'url_evolucao': '/pokedex/sliggoo'}, {'numero_evolucao': '#0706', 'nome_evolucao': 'Goodra', 'url_evolucao': '/pokedex/goodra'}]","[{'nome': 'Sap Sipper ', 'descricao': 'Boosts Attack when hit by a Grass-type move.\n', 'url_habilidade': 'https://pokemondb.net/ability/sap-sipper'}]"
Aurorus,0699,225.0 kg (496.0 lbs),2.7 m (8′10″),Rock,Ice,"[{'numero_evolucao': '#0698', 'nome_evolucao': 'Amaura', 'url_evolucao': '/pokedex/amaura'}, {'numero_evolucao': '#0699', 'nome_evolucao': 'Aurorus', 'url_evolucao': '/pokedex/aurorus'}]","[{'nome': 'Refrigerate ', 'descricao': ' causes all ', 'url_habilidade': 'https://pokemondb.net/ability/refrigerate'}]"
Heliolisk,0695,21.0 kg (46.3 lbs),1.0 m (3′03″),Electric,Normal,"[{'numero_evolucao': '#0694', 'nome_evolucao': 'Helioptile', 'url_evolucao': '/pokedex/helioptile'}, {'numero_evolucao': '#0695', 'nome_evolucao': 'Heliolisk', 'url_evolucao': '/pokedex/heliolisk'}]","[{'nome': 'Dry Skin ', 'descricao': ' causes several effects:', 'url_habilidade': 'https://pokemondb.net/ability/dry-skin'}]"
Malamar,0687,47.0 kg (103.6 lbs),1.5 m (4′11″),Dark,Psychic,"[{'numero_evolucao': '#0686', 'nome_evolucao': 'Inkay', 'url_evolucao': '/pokedex/inkay'}, {'numero_evolucao': '#0687', 'nome_evolucao': 'Malamar', 'url_evolucao': '/pokedex/malamar'}]","[{'nome': 'Contrary ', 'descricao': 'Makes stat changes have an opposite effect.\n', 'url_habilidade': 'https://pokemondb.net/ability/contrary'}]"
Doublade,0680,4.5 kg (9.9 lbs),0.8 m (2′07″),Steel,Ghost,"[{'numero_evolucao': '#0679', 'nome_evolucao': 'Honedge', 'url_evolucao': '/pokedex/honedge'}, {'numero_evolucao': '#0680', 'nome_evolucao': 'Doublade', 'url_evolucao': '/pokedex/doublade'}, {'numero_evolucao': '#0681', 'nome_evolucao': 'Aegislash', 'url_evolucao': '/pokedex/aegislash'}]","[{'nome': 'No Guard ', 'descricao': ' ensures that all attacks used by, and targeted at, the ability-bearer hit without fail.', 'url_habilidade': 'https://pokemondb.net/ability/no-guard'}]"
Aegislash,0681,53.0 kg (116.8 lbs),1.7 m (5′07″),Steel,Ghost,"[{'numero_evolucao': '#0679', 'nome_evolucao': 'Honedge', 'url_evolucao': '/pokedex/honedge'}, {'numero_evolucao': '#0680', 'nome_evolucao': 'Doublade', 'url_evolucao': '/pokedex/doublade'}, {'numero_evolucao': '#0681', 'nome_evolucao': 'Aegislash', 'url_evolucao': '/pokedex/aegislash'}]","[{'nome': 'Stance Change ', 'descricao': ' is exclusive to ', 'url_habilidade': 'https://pokemondb.net/ability/stance-change'}]"
Reshiram,0643,330.0 kg (727.5 lbs),3.2 m (10′06″),Dragon,Fire,,"[{'nome': 'Turboblaze ', 'descricao': "" prevents a target's ability from affecting moves that the "", 'url_habilidade': 'https://pokemondb.net/ability/turboblaze'}]"
Zekrom,0644,345.0 kg (760.6 lbs),2.9 m (9′06″),Dragon,Electric,,"[{'nome': 'Teravolt ', 'descricao': "" prevents a target's ability from affecting moves that the "", 'url_habilidade': 'https://pokemondb.net/ability/teravolt'}]"
Landorus,0645,68.0 kg (149.9 lbs),1.5 m (4′11″),Ground,Flying,,"[{'nome': 'Sand Force ', 'descricao': ' raises the power of ', 'url_habilidade': 'https://pokemondb.net/ability/sand-force'}]"
Accelgor,0617,25.3 kg (55.8 lbs),0.8 m (2′07″),Bug,,"[{'numero_evolucao': '#0616', 'nome_evolucao': 'Shelmet', 'url_evolucao': '/pokedex/shelmet'}, {'numero_evolucao': '#0617', 'nome_evolucao': 'Accelgor', 'url_evolucao': '/pokedex/accelgor'}]","[{'nome': 'Hydration ', 'descricao': 'A Pokémon with ', 'url_habilidade': 'https://pokemondb.net/ability/hydration'}]"
Zoroark,0571,81.1 kg (178.8 lbs),1.6 m (5′03″),Dark,Ghost,"[{'numero_evolucao': '#0570', 'nome_evolucao': 'Zorua', 'url_evolucao': '/pokedex/zorua'}, {'numero_evolucao': '#0571', 'nome_evolucao': 'Zoroark', 'url_evolucao': '/pokedex/zoroark'}, {'numero_evolucao': '#0570', 'nome_evolucao': 'Zorua', 'url_evolucao': '/pokedex/zorua'}, {'numero_evolucao': '#0571', 'nome_evolucao': 'Zoroark', 'url_evolucao': '/pokedex/zoroark'}]","[{'nome': 'Illusion ', 'descricao': 'When a Pokémon with the ', 'url_habilidade': 'https://pokemondb.net/ability/illusion'}]"
Carracosta,0565,81.0 kg (178.6 lbs),1.2 m (3′11″),Water,Rock,"[{'numero_evolucao': '#0564', 'nome_evolucao': 'Tirtouga', 'url_evolucao': '/pokedex/tirtouga'}, {'numero_evolucao': '#0565', 'nome_evolucao': 'Carracosta', 'url_evolucao': '/pokedex/carracosta'}]","[{'nome': 'Solid Rock ', 'descricao': ' reduces the damage taken from super-effective attacks by 25%.', 'url_habilidade': 'https://pokemondb.net/ability/solid-rock'}]"
Archeops,0567,32.0 kg (70.5 lbs),1.4 m (4′07″),Rock,Flying,"[{'numero_evolucao': '#0566', 'nome_evolucao': 'Archen', 'url_evolucao': '/pokedex/archen'}, {'numero_evolucao': '#0567', 'nome_evolucao': 'Archeops', 'url_evolucao': '/pokedex/archeops'}]","[{'nome': 'Defeatist ', 'descricao': 'When the HP of a Pokémon with ', 'url_habilidade': 'https://pokemondb.net/ability/defeatist'}]"
Darkrai,0491,50.5 kg (111.3 lbs),1.5 m (4′11″),Dark,,,"[{'nome': 'Bad Dreams ', 'descricao': ' causes all sleeping opponents to lose ', 'url_habilidade': 'https://pokemondb.net/ability/bad-dreams'}]"
Abomasnow,0460,135.5 kg (298.7 lbs),2.2 m (7′03″),Grass,Ice,"[{'numero_evolucao': '#0459', 'nome_evolucao': 'Snover', 'url_evolucao': '/pokedex/snover'}, {'numero_evolucao': '#0460', 'nome_evolucao': 'Abomasnow', 'url_evolucao': '/pokedex/abomasnow'}]","[{'nome': 'Snow Warning ', 'descricao': ' creates a hailstorm when the ability-bearer enters battle. The effect lasts 5 turns, unless it is cleared via ', 'url_habilidade': 'https://pokemondb.net/ability/snow-warning'}]"
Drifblim,0426,15.0 kg (33.1 lbs),1.2 m (3′11″),Ghost,Flying,"[{'numero_evolucao': '#0425', 'nome_evolucao': 'Drifloon', 'url_evolucao': '/pokedex/drifloon'}, {'numero_evolucao': '#0426', 'nome_evolucao': 'Drifblim', 'url_evolucao': '/pokedex/drifblim'}]","[{'nome': 'Aftermath ', 'descricao': 'If an attacker faints a Pokémon with ', 'url_habilidade': 'https://pokemondb.net/ability/aftermath'}]"
Kyogre,0382,352.0 kg (776.0 lbs),4.5 m (14′09″),Water,,,"[{'nome': 'Drizzle ', 'descricao': ' creates a rain shower when the ability-bearer enters battle. The effect lasts 5 turns, unless it is cleared via ', 'url_habilidade': 'https://pokemondb.net/ability/drizzle'}]"
Swalot,0317,80.0 kg (176.4 lbs),1.7 m (5′07″),Poison,,"[{'numero_evolucao': '#0316', 'nome_evolucao': 'Gulpin', 'url_evolucao': '/pokedex/gulpin'}, {'numero_evolucao': '#0317', 'nome_evolucao': 'Swalot', 'url_evolucao': '/pokedex/swalot'}]","[{'nome': 'Liquid Ooze ', 'descricao': 'Damages attackers using any draining move.\n', 'url_habilidade': 'https://pokemondb.net/ability/liquid-ooze'}]"
Minun,0312,4.2 kg (9.3 lbs),0.4 m (1′04″),Electric,,,"[{'nome': 'Minus ', 'descricao': 'Ups Sp. Atk if another Pokémon has Plus or Minus.\n', 'url_habilidade': 'https://pokemondb.net/ability/minus'}]"
